"n","authors_formatted","authors_raw","publication_year","title","source_container","doi","url","study_country","conflict_type","marine_terrestrial","species_common","openalex_id","tier","metadata_flag"
1,"[Authors not resolved in OpenAlex]",,2028,"Distribution of sea turtles and their anthropogenic threats: innovative approaches to improve conservation actions","Electronic Thesis and Dissertation Archive - Università di Pisa",,"309650787","multiple North African","not stated",,"sea turtles","309650787","B_regional_corroborated","publication_year implausible in source metadata"
2,"Bensaâd-Bendjedid, L., Zaidi, R., Boutabia, L., Rouidi, S. & Telailia, S.","Lamia Bensaâd-Bendjedid; Raouf Zaidi; Lamia Boutabia; Samir Rouidi; Salah Telailia",2026,"A new record of the critically endangered Smoothback angelshark Squatina oculata from Algerian waters (GFCM-GSA 04): biological data and implications for management","University of Zagreb University Computing Centre (SRCE)","https://doi.org/10.20302/nc.2025.35.6","https://doi.org/10.20302/nc.2025.35.6","multiple North African","bycatch","marine","Smoothback angelshark","W7125499556","B_regional_corroborated",""
3,"Speiran, S.","Siobhan Speiran",2026,"Animals and Tourism","Natural resource management and policy","https://doi.org/10.1007/978-3-032-17580-9_18","https://doi.org/10.1007/978-3-032-17580-9_18","multiple North African",,"both","not stated","W7154999849","C_asserted_no_evidence",""
4,"Mili, S., Ennouri, R., Agrebi, S. & Djabou, H.","Sami Mili; Rym Ennouri; Siwar Agrebi; Hanem Djabou",2026,"Assessing the Vulnerability and the Stock Status of the Bluntnose Sixgill Shark,  Hexanchus griseus  , in North‐Eastern Tunisia (Central Mediterranean) Using Data‐Limited Models","Aquatic Conservation Marine and Freshwater Ecosystems","https://doi.org/10.1002/aqc.70416","https://doi.org/10.1002/aqc.70416","Tunisia","not stated","marine","Bluntnose Sixgill Shark","W7167666335","A_named_country_corroborated",""
5,"Abdellatif, M., Kindong, R., al., K. Y. A. e. & Tian, S.","Manar Abdellatif; Richard Kindong; Khaled Y. AbouelFadl et al.; Siquan Tian",2026,"Bayesian Growth Modeling and Length-Based Indicators: Stock Assessment of Nile Tilapia (Oreochromis niloticus) in Lake Nasser, Egypt","Biology","https://doi.org/10.3390/biology15110868","https://doi.org/10.3390/biology15110868","Egypt","not stated","not stated","Nile Tilapia","W7163334447","A_named_country_corroborated",""
6,"Farrag, M. M. S., Adel, M., El-Geddawy, M. M. A. & Serena, F.","Mahmoud M. S. Farrag; Mohamed Adel; Mennatallah M. A. El-Geddawy; Fabrizio Serena",2026,"Catchability Pattern of Cartilaginous Fishes with an Updated Their Diversity and Distribution Along the Egypt’s Mediterranean Coast: Conservation and Bycatch Challenges","Animals","https://doi.org/10.3390/ani16111730","https://doi.org/10.3390/ani16111730","Egypt","bycatch","marine","not stated","W7163541962","A_named_country_corroborated",""
7,"Larafa, A., Ghannem, S., Zahouani, Y. & Touaylia, S.","A. Larafa; S. Ghannem; Y. Zahouani; S. Touaylia",2026,"Elasmobranch bycatch in the cuttlefish trammel net fishery along the Bizerte coast (Northern Tunisia): composition and biological aspects","The European Zoological Journal","https://doi.org/10.1080/24750263.2026.2673641","https://doi.org/10.1080/24750263.2026.2673641","Tunisia","bycatch","marine","elasmobranchs","W7162558227","A_named_country_corroborated",""
8,"Attum, O., Bowman, B. & Soultan, A.","Omar Attum; Brad Bowman; Alaaeldin Soultan",2026,"Historical climatic and human settlement patterns leading up to the extinction of the Arabian leopard in the Sinai Peninsula","Scientific Reports","https://doi.org/10.1038/s41598-026-59368-z","https://doi.org/10.1038/s41598-026-59368-z","multiple North African","not stated","both","Arabian leopard","W7172483144","B_regional_corroborated",""
9,"Alami, A. E., Fattah, A., alami, i. e. & ALAMI, Z. E.","Abderrazak El Alami; Abderrazzak Fattah; ilyas el alami; ZIAD EL ALAMI",2026,"Latest sightings of the striped hyena in North Africa: major threats and conservation actions","TURKISH JOURNAL OF ZOOLOGY","https://doi.org/10.55730/1300-0179.3256","https://doi.org/10.55730/1300-0179.3256","multiple North African","persecution or retaliatory killing","terrestrial","striped hyena","W7138888116","B_regional_corroborated",""
10,"Anastasiou, A. M. M. et al.","Anna Maria M. Anastasiou; Stamatia Christaki; Konstantinos Feidantsis; Ioannis Georgoulis; Dimitrios K. Papadopoulos; Maria V. Alvanou; A. Apostolidis; Ioannis Mourtzinos; Maria C. Giannakourou; Ioannis A. Giantsis",2026,"Solving Ariadne’s thread in the blue crab invasion to turn it to a true paradigm of circular economy: eco-biological traits and valorization of by-products to enhance fisheries value, a scoping review","Frontiers in Marine Science","https://doi.org/10.3389/fmars.2026.1748819","https://doi.org/10.3389/fmars.2026.1748819","multiple North African","not stated","both","blue crab","W7154112871","C_asserted_no_evidence",""
11,"Lipa, W., Iacolina, L. & Dzialuk, A.","Wojciech Lipa; Laura Iacolina; Artur Dzialuk",2026,"The Eurasian wild boar (Sus scrofa L., 1758): Recent advances in ecology, forest management, and human−wildlife interactions","Polskie Towarzystwo Leśne","https://doi.org/10.26202/sylwan.2026025","https://doi.org/10.26202/sylwan.2026025","multiple North African","crop damage","terrestrial","Eurasian wild boar","W7164761189","B_regional_corroborated",""
12,"Ezat, M. A., Langevelde, F. v. & Naguib, M.","Mohamed A. Ezat; Frank van Langevelde; Marc Naguib",2026,"What do fishermen think? Local perspectives on human–crocodile coexistence in Lake Nasser","Frontiers in Conservation Science","https://doi.org/10.3389/fcosc.2026.1854789","https://doi.org/10.3389/fcosc.2026.1854789","Egypt","property damage","both","crocodile","W7165652291","A_named_country_corroborated",""
13,"Hamza, A., Abunaqassa, A. A., Al-Qrew, N. A. & Saleh, N.","Abdulmaula Hamza; Amal Abdel-Aziz Abunaqassa; Nusaiba Adel Al-Qrew; Noura Saleh",2025,"&lt;b&gt;Artisanal fisher ecological knowledge with morphometric measurements of Angel Sharks form Libya, Central Mediterranean&lt;/b&gt;","Open Veterinary Journal","https://doi.org/10.5455/ovj.2025.v15.i5.23","https://doi.org/10.5455/ovj.2025.v15.i5.23","Libya","not stated","marine","Angel Sharks","W4411035654","A_named_country_corroborated",""
14,"Jribi, I.","Imed Jribi",2025,"&lt;b&gt;Impact of light pollution on the success of loggerhead turtle nesting in Chebba, Tunisia&lt;/b&gt;","Open Veterinary Journal","https://doi.org/10.5455/ovj.2025.v15.i10.51","https://doi.org/10.5455/ovj.2025.v15.i10.51","Tunisia","not stated","both","loggerhead turtle","W4415743148","A_named_country_corroborated",""
15,"Ciani, A., Musumeci, G., Arahou, M., Mouna, M. & Camperio, G.","Andrea Ciani; Gianluca Musumeci; M. Arahou; Mohamed Mouna; Giorgia Camperio",2025,"A 25-year longitudinal assessment of Macaca sylvanus population dynamics and forest decline in Morocco's Middle Atlas","Biological Conservation","https://doi.org/10.1016/j.biocon.2025.111334","https://doi.org/10.1016/j.biocon.2025.111334","Morocco","competition for resources","terrestrial","Barbary macaque","W4412419680","A_named_country_corroborated",""
16,"Gadekar, M. P.","M. P Gadekar",2025,"A REVIEW ON BIOLOGY AND MANAGEMENT OF GIANT AFRICAN SNAILS","Science Heritage Journal","https://doi.org/10.26480/gws.02.2025.53.57","https://doi.org/10.26480/gws.02.2025.53.57","multiple North African","crop damage","terrestrial",,"W7125912476","C_asserted_no_evidence",""
17,"Dahel, A. T., FERROUDJ, S. & Samar, M. F.","Amina Tania Dahel; S. FERROUDJ; Mohamed Faouzi Samar",2025,"ASSESSING THE POPULATION PARAMETERS OF EUROPEAN ANCHOVY, ENGRAULIS ENCRASICOLUS (LINNAEUS, 1758) IN ALGERIAN EAST COAST (SOUTHWESTERN MEDITERRANEAN SEA)","Applied Ecology and Environmental Research","https://doi.org/10.15666/aeer/2301_13471363","https://doi.org/10.15666/aeer/2301_13471363","Algeria","not stated","marine","Anchovies","W4407107407","A_named_country_corroborated",""
18,"Kabasakal, H.","Hakan Kabasakal",2025,"Analisi degli attacchi di squali confermati nel Mediterraneo orientale e nel Mar di Marmara (1827-2025)","DiRROS repository (University of Maribor)",,"https://openalex.org/W7166600224","multiple North African","attacks on humans","marine",,"W7166600224","B_regional_corroborated",""
19,"al., A. e.","Ahannach et al.",2025,"Analysis of Cetacean Strandings Along the Moroccan Mediterranean Coast: Spatial and Temporal Patterns","Egyptian Journal of Aquatic Biology and Fisheries","https://doi.org/10.21608/ejabf.2025.443737","https://doi.org/10.21608/ejabf.2025.443737","Morocco","other","marine","striped dolphin, common dolphin","W4412859634","A_named_country_corroborated",""
20,"Razkallah, I. et al.","Imane Razkallah; Sadek Atoussi; Thaís Q. Morcatty; Rabah Zebsa; Cédric Sueur; K. A. I. Nekaris",2025,"Context Matters: How Decontextualization Influences Public Perception and Conservation Attitudes Toward Barbary Macaques in Algeria","Animals","https://doi.org/10.3390/ani15223319","https://doi.org/10.3390/ani15223319","Algeria","competition for resources","terrestrial","Barbary macaques","W4416337265","A_named_country_corroborated",""
21,"Hayder, F., Madikiza, Z. J. & San, E. D. L.","Firas Hayder; Zimkitha J.K. Madikiza; Emmanuel Do Linh San",2025,"Distribution, threats, population trends, and ecology of the Saharan Striped Polecat ( Poecilictis libyca ) in Tunisia: a questionnaire and field-based survey","Journal of Mammalogy","https://doi.org/10.1093/jmammal/gyaf043","https://doi.org/10.1093/jmammal/gyaf043","Tunisia","other","terrestrial","Saharan Striped Polecat","W4412364748","A_named_country_corroborated",""
22,"Louhichi, R., Enajjar, S., Bradaï, M. N. & Saïdi, B.","Rihab Louhichi; Samira Enajjar; Mohamed Nejmeddine Bradaï; Béchir Saïdi",2025,"Elasmobranch fisheries in Tunisia: Characterization, fishermen’s insights and conservation options","Regional Studies in Marine Science","https://doi.org/10.1016/j.rsma.2025.104465","https://doi.org/10.1016/j.rsma.2025.104465","Tunisia",,"marine","not stated","W4413915988","A_named_country_corroborated",""
23,"Hamiche, F. Z. et al.","Fatima Zahra Hamiche; Abdelhamid Kaddouri; Zakariaa Taoufik; Mounia Touaf; Youssef Ahannach; Mustapha Aksissou",2025,"Fishery Bycatch of Sea Turtles in the Moroccan Western Mediterranean Sea: An Assessment Based on Interviews with Fishermen","Egyptian Journal of Aquatic Biology and Fisheries","https://doi.org/10.21608/ejabf.2025.437909.6913","https://doi.org/10.21608/ejabf.2025.437909.6913","multiple North African","bycatch","marine","sea turtle","W4416845933","B_regional_corroborated",""
24,"Fundaro', D., Vivaldi, C. & Santini, L.","Davide Fundaro'; Carlotta Vivaldi; Luca Santini",2025,"Fishing shapes cetacean population density patterns in the Mediterranean basin","Ecography","https://doi.org/10.1002/ecog.07919","https://doi.org/10.1002/ecog.07919","multiple North African","bycatch","marine","cetaceans","W4416097950","C_asserted_no_evidence",""
25,"Arora, J.","Jyoti Arora",2025,"GLOBAL AND LOCAL DRIVERS OF CORAL REEF DEGRADATION: KEY STRATEGIES FOR MITIGATING DAMAGE AND FOSTERING RESILIENCE","International Journal of Biological Innovations","https://doi.org/10.46505/ijbi.2025.7215","https://doi.org/10.46505/ijbi.2025.7215","multiple North African","not stated","marine","not stated","W4414777589","C_asserted_no_evidence",""
26,"Louhichi, M. & Jribi, I.","Maissa Louhichi; Imed Jribi",2025,"Impact of bycatch in tunisian coastal fisheries:Proposed fishing gear and practice modifications to Mitigate the effect on threatened sea turtles","Open MIND","https://doi.org/10.60713/pist-201256","https://doi.org/10.60713/pist-201256","multiple North African","bycatch","marine","sea turtles","W7137890517","B_regional_corroborated",""
27,"Bensalem, M. et al.","Mounira Bensalem; Amina Amrani; Hadjer Zaidi; Sedrati Fateh; Omar Laouar; Zhi Wang; Hichèm Nasri",2025,"Impact of long-term cyanotoxin exposure on cattle: Biochemical, histological, and oxidative stress assessment","Veterinary World","https://doi.org/10.14202/vetworld.2025.189-201","https://doi.org/10.14202/vetworld.2025.189-201","Algeria","not stated","not stated","not stated","W4406918266","A_named_country_corroborated",""
28,"Carlson, A. K.","Andrew K. Carlson",2025,"Mahi-mahi metacouplings: quantifying human–nature interactions in dolphinfish (Coryphaena hippurus) fisheries","Global Sustainability","https://doi.org/10.1017/sus.2025.3","https://doi.org/10.1017/sus.2025.3","multiple North African","not stated","marine","dolphinfish","W4409624720","C_asserted_no_evidence",""
29,"Barnouin, G. et al.","Guillaume Barnouin; Roy El Hourany; Nicholas R. Record; Zlatka Bajc; James Kennedy; Antoine Lafitte; Marie‐Yasmine Dechraoui Bottein",2025,"Marine biotoxins in Mediterranean seafood: Environmental occurrence and food safety concerns","Ecotoxicology and Environmental Safety","https://doi.org/10.1016/j.ecoenv.2025.119032","https://doi.org/10.1016/j.ecoenv.2025.119032","multiple North African","not stated",,"not stated","W4414163724","C_asserted_no_evidence",""
30,"Monaco, C., Carpentieri, P., Zarrouk, A., Nakhala, L. B. & Cavallé, M.","Clara Monaco; Paolo Carpentieri; Anis Zarrouk; Lobna Ben Nakhala; Marta Cavallé",2025,"Mitigating dolphin depredation in Mediterranean fisheries: results and insights from collaborative efforts for cetacean conservation and sustainable fisheries",,"https://doi.org/10.5194/oos2025-1359","https://doi.org/10.5194/oos2025-1359","multiple North African",,"marine","dolphin","W4408823380","B_regional_corroborated",""
31,"[Authors not resolved in OpenAlex]",,2025,"Myths about Wildlife use for Medicinal Purposes",,"https://doi.org/10.47278/book.hh/2025.32","https://doi.org/10.47278/book.hh/2025.32","multiple North African","not stated","not stated","not stated","W4412637076","C_asserted_no_evidence",""
32,"Rizi, H., Loucif, K., Houhamdi, I., BAALOUDJ, A. & Houhamdi, M.","Hadia Rizi; Karim Loucif; Ines Houhamdi; Affef BAALOUDJ; Moussa Houhamdi",2025,"Nesting Biology of the Aquatic Mallards Anas platyrhynchos Linnaeus, 1758 in Lake Tonga, El Kala National Park, Algeria","Egyptian Journal of Aquatic Biology and Fisheries","https://doi.org/10.21608/ejabf.2025.356503.5314","https://doi.org/10.21608/ejabf.2025.356503.5314","Algeria","persecution or retaliatory killing","both","Mallards","W7114772952","A_named_country_corroborated",""
33,"Ezat, M. A., Molenaar, E., Naguib, M. & Langevelde, F. v.","Mohamed A. Ezat; Elke Molenaar; Marc Naguib; Frank van Langevelde",2025,"Nile Crocodiles in Lake Nasser, Egypt, Are Found Close to Fishermen's Camps, Indicating Potential Conflicts","Ecology and Evolution","https://doi.org/10.1002/ece3.71970","https://doi.org/10.1002/ece3.71970","Egypt","not stated","both","Nile crocodile","W4413922878","A_named_country_corroborated",""
34,"Gažo, M. et al.","M. Gažo; Odei Garcia‐Garin; Sarah Soler‐Ruiz; Laura Fernández‐Suárez; Antonella Arcangeli; Léa David; Morgana Vighi",2025,"Out of Sight, out of Mind? Evidence of Human‐Induced Threats in the Elusive  Ziphius cavirostris  of the Mediterranean Sea","Ecology and Evolution","https://doi.org/10.1002/ece3.71790","https://doi.org/10.1002/ece3.71790","multiple North African","other",,"beaked whale","W4412190053","B_regional_corroborated",""
35,"Bradaï, M. N., Jribi, I., Saïdi, B. & Enajjar, S.","Mohamed Nejmeddine Bradaï; Imed Jribi; Béchir Saïdi; Samira Enajjar",2025,"Sea Turtles in Tunisia: An Overview on their Status and Conservation Effort","IntechOpen eBooks","https://doi.org/10.5772/intechopen.1008239","https://doi.org/10.5772/intechopen.1008239","multiple North African","other","both","sea turtles","W4407427266","B_regional_corroborated",""
36,"Navarro‐Herrero, L. et al.","Leia Navarro‐Herrero; David March; Teresa Militão; Sarah Saldanha; Fernando Medrano; Diego Vicente‐Sastre; Jazel Ouled‐Cheikh; Raül Ramos; Diana M. Matos; Isabel Cristina Rodrigues; Vítor H. Paiva; José P. Granadeiro; Paulo Catry; Andreia Leal; Herculano Dinis; Jacob González‐Solís",2025,"Seabird‐vessel interactions in industrial fisheries of Northwest Africa: Implications for international bycatch management","Journal of Applied Ecology","https://doi.org/10.1111/1365-2664.70139","https://doi.org/10.1111/1365-2664.70139","multiple North African","bycatch","marine","Cape Verde shearwaters, Cory's shearwaters, Audouin's gulls","W4413766820","C_asserted_no_evidence",""
37,"Quezada-Escalona, F. J. et al.","Felipe J. Quezada-Escalona; Désirée Tommasi; Isaac C. Kaplan; Pierre‐Yves Hernvann; Timothy H. Frawley; Dorleta García; Leire Ibaibarriaga; Sonia Sánchez; Carryn de Moor; Jennifer Beckensteiner; Amy M. Schueller; Diana Feijó; Domenico Ciorciaro; Hiroyuki Kurota; Ricardo Oliveros‐Ramos; Robert P. Wildermuth; Ray Mroch; Laura Wise; M. R. Baker; Cecilie Hansen; Sidi Ahmed Hemed; Timothée Brochier; Stephen M. Stohs; Concepción Enciso-Enciso; Nis S. Jacobsen",2025,"Socio-economic impacts and responses of the fishing industry and fishery managers to changes in small pelagic fish distribution and abundance","Reviews in Fish Biology and Fisheries","https://doi.org/10.1007/s11160-025-09949-4","https://doi.org/10.1007/s11160-025-09949-4","multiple North African","not stated","marine","not stated","W4409958323","C_asserted_no_evidence",""
38,"Ghandri, A. et al.","Aida Ghandri; Marouane Louhichi; Yamna Karssene; Yousra Zemzemi; Mohsen Jarray; Ali A. Zaidi; Mohsen Chammem",2025,"Spatiotemporal dynamics of wild boar-induced crop damage in Southern Tunisian agroecosystems and the role of oasis characteristics","JOURNAL OF OASIS AGRICULTURE AND SUSTAINABLE DEVELOPMENT","https://doi.org/10.56027/joasd.192025","https://doi.org/10.56027/joasd.192025","multiple North African","crop damage","terrestrial","wild boar","W4411744005","B_regional_corroborated",""
39,"Noby, K., Heitkönig, I., Bulte, E. & Naguib, M.","Khaled Noby; I.M.A. Heitkönig; Erwin Bulte; Marc Naguib",2025,"Sustainability and avian biodiversity tensions in wastewater management in arid zones","Biological Conservation","https://doi.org/10.1016/j.biocon.2025.111046","https://doi.org/10.1016/j.biocon.2025.111046","Egypt","not stated","terrestrial","Northern shoveler, barn swallow","W4408273783","A_named_country_corroborated",""
40,"Farrag, M. M., Mustafa, A. A., Abdelazim, I. M. & Osman, Y. A. A.","Mahmoud M.S. Farrag; Ahmed A. Mustafa; Ismail M. Abdelazim; Yassein A. A. Osman",2025,"Vulnerable Marine Vertebrates along the Egyptian Mediterranean Coast: Challenges to the Anthropogenic, Fisheries Bycatch and Climatic Changes","IntechOpen eBooks","https://doi.org/10.5772/intechopen.1009504","https://doi.org/10.5772/intechopen.1009504","Egypt","bycatch","marine","not stated","W4408717697","A_named_country_corroborated",""
41,"Eissa, A. E.","Alaa Eldin Eissa",2024,"A mini-review on fish mass kills within the Egyptian fisheries and aquaculture sectors: Impacts and proposed solutions","Journal of Applied Veterinary Sciences/Journal of Applied Veterinary Sciences ","https://doi.org/10.21608/javs.2024.262508.1308","https://doi.org/10.21608/javs.2024.262508.1308","multiple North African",,"both","not stated","W4392625107","B_regional_corroborated",""
42,"Insacco, G. et al.","Gianni Insacco; Bruno Zava; Filippo Spadola; Danilo Scannella; Alan Deidun; Franco Cigala-Fulgosi; M. Valastro; Antonio Di Natale; Corrado Piccinetti; Maria Corsini-Foka",2024,"Additional records of the little sleeper shark, Somniosus rostratus (Elasmobranchii: Squaliformes: Somniosidae), in Mediterranean Sea","Acta Ichthyologica Et Piscatoria","https://doi.org/10.3897/aiep.54.121813","https://doi.org/10.3897/aiep.54.121813","multiple North African","bycatch","marine","not stated","W4399672673","B_regional_corroborated",""
43,"Christidis, G. et al.","Georgios Christidis; Stratos Batziakas; Panagiota Peristeraki; Evangelos Tzanatos; Stylianos Somarakis; George Tserpes",2024,"Another One Bites the Net: Assessing the Economic Impacts of Lagocephalus sceleratus on Small-Scale Fisheries in Greece","Fishes","https://doi.org/10.3390/fishes9030104","https://doi.org/10.3390/fishes9030104","multiple North African","property damage","marine","silver-cheeked toadfish","W4392545263","B_regional_corroborated",""
44,"Utrilla, P. S.","Pilar Sánchez Utrilla",2024,"Anàlisi del grau de solapament entre l&apos;esforç de pesca aparent i l&apos;hàbitat de la tortuga boba en el Mediterrani occidental","RiuNet (Universitat Politècnica de València)",,"https://openalex.org/W7164091231","multiple North African","bycatch",,"loggerhead turtles","W7164091231","C_asserted_no_evidence",""
45,"Veli, D. L. et al.","Daniel Li Veli; José Carlos Báez Barrionuevo; Giada Bargione; Giulio Barone; Marouene Bdioui; Pierluigi Carbonara; Reda M. Fahim; Maria Cristina Follesa; Gökhan Gökçe; Hatem H. Mahmoud; Alessandro Ligas; Mohammed Malouli Idrissi; Giulia Moramarco; Marina Panayotova; Andrea Petetta; Jacques Sacchi; Konstantinos Tsagarakis; Massimo Virgili; Alessandro Lucchetti",2024,"Assessing the vulnerability of sensitive species in Mediterranean fisheries: insights from productivity-susceptibility analysis","Frontiers in Marine Science","https://doi.org/10.3389/fmars.2024.1411033","https://doi.org/10.3389/fmars.2024.1411033","multiple North African","bycatch","marine","sea turtles","W4402784425","C_asserted_no_evidence",""
46,"Fitori, A. & -, A. E. F.","Amani Fitori; Ali El Fituri -",2024,"Assessment of Morphometric Characteristics and Conservation Challenges of Pteroplatytrygon Violacea (Bonaparte, 1832) in Libyan Waters","International Journal For Multidisciplinary Research","https://doi.org/10.36948/ijfmr.2024.v06i06.30931","https://doi.org/10.36948/ijfmr.2024.v06i06.30931","multiple North African","bycatch","marine","pelagic stingray","W4413435269","B_regional_corroborated",""
47,"Bontzorlos, V. et al.","Vasileios Bontzorlos; Shlomo Cain; Yossi Leshem; Orr Spiegel; Yoav Motro; Itai Bloch; Sidi Imad Cherkaoui; Shaul Aviel; Melpo Apostolidou; Antaia Christou; Harris Nicolaou; Nikolaos Kassinis; Mansour Abu Rashid; Mary Bahdouhesh; Alexandre Roulin",2024,"Barn Owls as a Nature-Based Solution for Pest Control: A Multinational Initiative Around the Mediterranean and Other Regions","Conservation","https://doi.org/10.3390/conservation4040039","https://doi.org/10.3390/conservation4040039","multiple North African","crop damage","terrestrial","Barn Owls","W4404061647","B_regional_corroborated",""
48,"Sungkawati, E. & Umali, J.","Endang Sungkawati; Jamal Umali",2024,"Blue Carbon and Food Security: A Systematic Review of Mangrove Ecosystem Services for SDG 13 (Climate Action) and SDG 2 (Zero Hunger)","Assyfa Journal of Farming and Agriculture","https://doi.org/10.61650/ajfa.v2i1.871","https://doi.org/10.61650/ajfa.v2i1.871","multiple North African","not stated","both","not stated","W4414984302","C_asserted_no_evidence",""
49,"Abdelhady, A. A. et al.","Ahmed Awad Abdelhady; Mohamed Samy‐Kamal; Esam Ismail; Ali M. Hussain; Dimitra E. Gamvroula; Ahmed Ali; Mohamed S. Ahmed; Khalaf H.M. Abdel-Raheem; Hakim Saibi; Mabrouk Sami; Dimitrios Ε. Alexakis; Mahmoud M. Khalil",2024,"Climate Warming and Mismanagement Drive the Shift of Fish Communities in the Wadi El-Rayan Arid Lakes","Water","https://doi.org/10.3390/w16182685","https://doi.org/10.3390/w16182685","multiple North African","not stated",,"Nile tilapia, mullet, and grass carp","W4402750361","B_regional_corroborated",""
50,"Giovos, I. et al.","Ioannis Giovos; Jennifer M. Pytka; Monica Barone; Lydia Koehler; Camille Loth; Jason Lowther; Dimitrios K. Moutopoulos; Simone Niedermüller; Carlotta Mazzoldi",2024,"Conservation and management of chondrichthyans in the Mediterranean Sea: gaps, overlaps, inconsistencies, and the way forward","Reviews in Fish Biology and Fisheries","https://doi.org/10.1007/s11160-024-09857-z","https://doi.org/10.1007/s11160-024-09857-z","multiple North African","not stated","marine","not stated","W4400337172","C_asserted_no_evidence",""
51,"Habib, M. A.","Mohamed A. Habib",2024,"Crucial Conservation of Birds and Bats: Providing Ecosystem Services in Egypt","Journal of Plant and Food Sciences","https://doi.org/10.21608/jpfs.2024.280949.1015","https://doi.org/10.21608/jpfs.2024.280949.1015","Egypt","not stated","terrestrial",,"W4405163001","A_named_country_corroborated",""
52,"Salama, M., Aamir, M., Farag, A., Issa, M. & Hendawy, M.","M. Salama; Muhammad Aamir; Ahmed Farag; M. Issa; M. Hendawy",2024,"Estimating the Damage of Birds to Wheat, Gurma Melon and Cowpea Crops During the Ripening Period at Sharkia Governorate, Egypt","Arab Journal Of Plant Protection","https://doi.org/10.22268/ajpp-001281","https://doi.org/10.22268/ajpp-001281","Egypt","crop damage","terrestrial","house sparrow","W4407867762","A_named_country_corroborated",""
53,"Tiralongo, F., Nota, A., Mancini, E. & Musco, L.","Francesco Tiralongo; Alessandro Nota; Emanuele Mancini; Luigi Musco",2024,"Ferite inferte all’uomo dal sarago maggiore (Diplodus sargus)","DiRROS repository (University of Maribor)",,"https://openalex.org/W7167993435","multiple North African","attacks on humans","marine","not stated","W7167993435","C_asserted_no_evidence",""
54,"Clua, É. et al.","Éric Clua; C.-C. Meyer; Mark Freeman; Sandra Baksay; Hadrien Bidenbach; Anne Haguenauer; John D. C. Linnell; Clémentine Séguigne; Steven Surina; Michel Vély; Thomas Vignaud; Serge Planes",2024,"First Evidence of Individual Sharks Involved in Multiple Predatory Bites on People","Conservation Letters","https://doi.org/10.1111/conl.13067","https://doi.org/10.1111/conl.13067","multiple North African","attacks on humans","marine","tiger shark, oceanic whitetip shark","W4404190222","C_asserted_no_evidence",""
55,"Alshalah, A., Williams, D. J. & Ferrario, A.","Ali Alshalah; David J. Williams; Alessandra Ferrario",2024,"From fangs to antidotes: A scoping review on snakebite burden, species, and antivenoms in the Eastern Mediterranean Region","PLoS neglected tropical diseases","https://doi.org/10.1371/journal.pntd.0012200","https://doi.org/10.1371/journal.pntd.0012200","multiple North African","other","not stated","not stated","W4401165658","B_regional_corroborated",""
56,"Boussellaa, W. et al.","Wiem Boussellaa; Mohamed Nejmeddine Bradaï; Hamed Mallat; Samira Enajjar; Béchir Saïdi; Imed Jribi",2024,"Ghost Gear in the Gulf of Gabès (Tunisia): An Urgent Need for a Conservation Code of Conduct","Preprints.org","https://doi.org/10.20944/preprints202407.2113.v1","https://doi.org/10.20944/preprints202407.2113.v1","Tunisia","not stated","marine","not stated","W4401129331","A_named_country_corroborated",""
57,"Boussellaa, W. et al.","Wiem Boussellaa; Mohamed Nejmeddine Bradaï; Hamed Mallat; Samira Enajjar; Béchir Saïdi; Imed Jribi",2024,"Ghost Gear in the Gulf of Gabès (Tunisia): An Urgent Need for a Conservation Code of Conduct","Sustainability","https://doi.org/10.3390/su16188003","https://doi.org/10.3390/su16188003","multiple North African","other","marine","not stated","W4402524969","B_regional_corroborated",""
58,"Louhichi, M., Girard, A. & Jribi, I.","Maissa Louhichi; Alexandre Girard; Imed Jribi",2024,"High Loggerhead (Caretta caretta) Bycatch Rate along with Several Endangered Target Species: Two Reasons to Look for Alternative to Traditional Large-Mesh Bottom-Set Gillnets (Garrasia) for More Sustainable Fisheries in the Gulf of Gabès (Tunisia)","Sustainability","https://doi.org/10.3390/su16093713","https://doi.org/10.3390/su16093713","Tunisia","bycatch","marine","sea turtles","W4396218332","A_named_country_corroborated",""
59,"Cardona, L. et al.","Luís Cardona; Sara Abalo‐Morla; Alessandra Cani; Blanca Feliu‐Tena; Nuria Izaguirre; Jesús Tomás; Eduardo J. Belda",2024,"Identifying the foraging grounds of the new loggerhead turtle nesters in the western Mediterranean","Aquatic Conservation Marine and Freshwater Ecosystems","https://doi.org/10.1002/aqc.4059","https://doi.org/10.1002/aqc.4059","multiple North African","not stated",,"sea turtle","W4390771181","B_regional_corroborated",""
60,"Keznine, M., Mghili, B., Awadh, H., Analla, M. & Aksissou, M.","Mohamed Keznine; Bilal Mghili; Hesham Awadh; Mohamed Analla; Mustapha Aksissou",2024,"Impact of interactions between common bottlenose dolphins and purse-seiners in the Moroccan Mediterranean region: case study in the Al Hoceima fishing grounds","African Journal of Marine Science","https://doi.org/10.2989/1814232x.2024.2310528","https://doi.org/10.2989/1814232x.2024.2310528","Morocco","bycatch","marine","common bottlenose dolphins","W4393069821","A_named_country_corroborated",""
61,"Petitguyot, M., Bearzi, G., Hurk, Y. v. d., Fuentes, M. T. & Pierce, G. J.","Marie Petitguyot; Giovanni Bearzi; Youri van den Hurk; Marisa Tejedor Fuentes; Graham J. Pierce",2024,"Intentional Killings and Culling of Small Cetaceans due to Perceived Competition with Fisheries in the Mediterranean Sea and Northeast Atlantic between the Eighteenth and Twentieth Centuries",,"https://doi.org/10.1201/9781003477518-2","https://doi.org/10.1201/9781003477518-2","multiple North African","competition for resources","marine","dolphins","W4402276370","B_regional_corroborated",""
62,"Carugati, L. et al.","Laura Carugati; Alice Cappelletti; Riccardo Melis; Simone Di Crescenzo; Andrea Bellodi; Anna Soler‐Membrives; Maria Cristina Follesa; Rita Cannas",2024,"On the genetic diversity of Chimaera monstrosa Linnaeus, 1758 (Chordata, Chondrichthyes, Holocephali) in the Mediterranean Sea","Frontiers in Fish Science","https://doi.org/10.3389/frish.2024.1354791","https://doi.org/10.3389/frish.2024.1354791","multiple North African","not stated","both","not stated","W4391690017","C_asserted_no_evidence",""
63,"Poisson, F., Ellis, J. R. & Phillips, S. R. M.","François Poisson; Jim R. Ellis; Sophy R. McCully Phillips",2024,"Preliminary Insights on the Habitat Use and Vertical Movements of Pelagic Stingray (Pteroplatytrygon violacea) in the Western Mediterranean Sea","Preprints.org","https://doi.org/10.20944/preprints202405.2055.v1","https://doi.org/10.20944/preprints202405.2055.v1","multiple North African","bycatch","marine","Pelagic Stingray","W4399241889","C_asserted_no_evidence",""
64,"Poisson, F., Ellis, J. R. & Phillips, S. R. M.","François Poisson; Jim R. Ellis; Sophy R. McCully Phillips",2024,"Preliminary Insights on the Habitat Use and Vertical Movements of the Pelagic Stingray (Pteroplatytrygon violacea) in the Western Mediterranean Sea","Fishes","https://doi.org/10.3390/fishes9060238","https://doi.org/10.3390/fishes9060238","multiple North African","not stated","marine","pelagic stingray","W4399809350","C_asserted_no_evidence",""
65,"Keznine, M., Mghili, B., DeBeer, J. & Aksissou, M.","Mohamed Keznine; Bilal Mghili; John DeBeer; Mustapha Aksissou",2024,"Raising the awareness of fishing professionals about the conservation of species caught incidentally in the Moroccan Mediterranean Sea","Discover Conservation","https://doi.org/10.1007/s44353-024-00009-9","https://doi.org/10.1007/s44353-024-00009-9","multiple North African","not stated","marine","not stated","W4402397723","B_regional_corroborated",""
66,"Mohammad, A., Ali, A. & Chammemm, M.","Abdulkarim Mohammad; Aqeeleh Ali; Mohsen Chammemm",2024,"The Most Effective Methods Used to Control Mole Rats, Spalax ehrenbergi, on Benghazi Plain Project in Libya","Egyptian Academic Journal of Biological Sciences F Toxicology & Pest Control","https://doi.org/10.21608/eajbsf.2024.351179","https://doi.org/10.21608/eajbsf.2024.351179","Libya","crop damage","terrestrial","mole rats","W4395694977","A_named_country_corroborated",""
67,"Arraf, S. E. et al.","S. El Arraf; Mohammed Malouli Idrisi; Paolo Carpentieri; Maryam El Bakali; Abid Nourredine; Mohammed Bakkali",2024,"The bycatch estimate of threatened marine megavertebrates in Moroccan fleets operating in the Mediterranean Coast","E3S Web of Conferences","https://doi.org/10.1051/e3sconf/202450201001","https://doi.org/10.1051/e3sconf/202450201001","Morocco","bycatch","marine","seabirds, sea turtles, seals, marine mammals, sharks and rays, common dolphins","W4392665905","A_named_country_corroborated",""
68,"Bara, M.","Mouslim Bara",2024,"The future of the barbary sheep and the dorcas gazelle populations in Algerian Sahara: On the brink of extinction?","Animal Conservation","https://doi.org/10.1111/acv.13010","https://doi.org/10.1111/acv.13010","Algeria","persecution or retaliatory killing","terrestrial","barbary sheep, dorcas gazelle","W4405400421","A_named_country_corroborated",""
69,"Charkaoui, A., Jbilou, R., Annaz, H. & Rharrabe, K.","Achraf Charkaoui; Rachid Jbilou; Houssam Annaz; Kacem Rharrabe",2024,"Toxicity, antifeedant and repellent activities of five essential oils on adult Cassida vittata Vill. (Coleoptera: Chrysomelidae)","Journal of Plant Protection Research","https://doi.org/10.24425/jppr.2024.151820","https://doi.org/10.24425/jppr.2024.151820","Morocco","crop damage","terrestrial","Cassida vittata","W4406218147","A_named_country_corroborated",""
70,"Serratosa, J. et al.","Juan Serratosa; Steffen Oppel; Shay Rotics; Andrea Santangeli; Stuart H. M. Butchart; Luis Santiago Cano; José Luis Tellerı́a; Ryno Kemp; Aaron Nicholas; Aigars Kalvāns; Aitor Galarza; Aldina M. A. Franco; Alessandro Andreotti; Alexander N. G. Kirschel; Alex Ngari; Álvaro Soutullo; Ana Bermejo; André Botha; Andrea Ferri; Angelos Evangelidis; Anna Cenerini; Anton Stamenov; Antonio Hernández‐Matías; Arianna Aradis; Atanas Grozdanov; Beneharo Rodríguez; Çağan H. Şekercioğlu; Catuxa Cerecedo-Iglesias; Christina Kassara; Christos Barboutis; Claire Bracebridge; Clara García‐Ripollés; Corinne J. Kendall; Damijan Denac; Dana G. Schabo; David R. Barber; Dimitar Popov; Dobromir Dobrev; Egidio Mallìa; Elena Kmetova–Biro; Ernesto Álvarez; Evan R. Buechley; Evgeny A. Bragin; Fabrizio Cordischi; Fadzai M. Zengeya; Flavio Monti; François Mougeot; Gareth Tate; Georgi Stoyanov; Giacomo Dell’Omo; Giuseppe Lucia; Gradimir Gradev; Guido Ceccolini; Guilad Friedemann; Hans‐Günther Bauer; Holger Kolberg; Hristo Peshev; Inês Catry; Ingar Jostein Øien; Isidoro Carbonell Alanís; Ivan Literák; Ivan Pokrovsky; Ivar Ojaste; Jan Eivind Østnes; Javier de la Puente; Joan Real; João L. Guilherme; José Carlos González; José María Fernández-García; Juan Antonio Gil; Julien Terraube; Karel Poprach; Karen Aghababyan; Katharina Klein; Keith L. Bildstein; Kerri Wolter; Kjell Janssens; Kyle D. Kittelberger; Lindy J. Thompson; Mansoor H. AlJahdhami; Manuel Bendala Galán; Marcin Tobółka; Mario Posillico; Mario Cipollone; Marion Gschweng; Māris Strazds; Mark Boorman; Mark Zvidzai; Marta Acácio; Marta Romero; Martin Wikelski; Matthias Schmidt; Maurizio Sarà; Michael McGrady; Mindaugas Dagys; Monique MacKenzie; Muna Al Taq; Msafiri P. Mgumba; Munir Z. Virani; Nicolaos I. Kassinis",2024,"Tracking data highlight the importance of human-induced mortality for large migratory birds at a flyway scale","Biological Conservation","https://doi.org/10.1016/j.biocon.2024.110525","https://doi.org/10.1016/j.biocon.2024.110525","multiple North African","not stated","not stated","not stated","W4393971019","C_asserted_no_evidence",""
71,"Kock, R. et al.","Richard Kock; R G Bengis; Fekadu Shiferaw; Francis Gakuya; Daniel Mdetele; H.H.T. Prins; Alexandre Caron; Michael D. Kock",2023,"African Buffalo and Colonial Cattle: Is ‘Systems Change’ the Best Future for Farming and Nature in Africa?","Cambridge University Press eBooks","https://doi.org/10.1017/9781009006828.017","https://doi.org/10.1017/9781009006828.017","multiple North African","not stated","not stated","not stated","W4388510764","C_asserted_no_evidence",""
72,"al., A. A. A. A. e.","Asmaa A. A. Ahmed et al.",2023,"Age and Growth of the Freshwater Pufferfish Tetraodon lineatus Linnaeus 1758 from Lake Nasser, Egypt","Egyptian Journal of Aquatic Biology and Fisheries","https://doi.org/10.21608/ejabf.2023.292280","https://doi.org/10.21608/ejabf.2023.292280","Egypt","not stated","not stated","freshwater puffer fish","W4361010327","A_named_country_corroborated",""
73,"Neves, E. et al.","Elisa Neves; Dominique Vallet; Sidi Imad Cherkaoui; Zouhair Amhaouch; Coline Duperron; Nelly Ménard; Pascaline Le Gouar",2023,"Behavioral adjustments of endangered Barbary macaques (Macaca sylvanus) living at the edge of an agricultural landscape in Morocco","American Journal of Primatology","https://doi.org/10.1002/ajp.23545","https://doi.org/10.1002/ajp.23545","Morocco","other","not stated","macaques","W4386046441","A_named_country_corroborated",""
74,"Marzo, D. et al.","Daniela Marzo; Iacopo Cavallini; Luisa Scaccia; Paolo Guidetti; Antonio Franco; Antonio Calò; Federico Niccolini",2023,"Drivers of Small-Scale Fishers’ Acceptability across Mediterranean Marine Protected Areas at Different Stages of Establishment","Sustainability","https://doi.org/10.3390/su15119138","https://doi.org/10.3390/su15119138","multiple North African","not stated","marine","not stated","W4379411076","C_asserted_no_evidence",""
75,"Keznine, M., Giovos, I., Mghili, B., Mabruk, S. A. & Aksissou, M.","Mohamed Keznine; Ioannis Giovos; Bilal Mghili; Sara Al Mabruk; Mustapha Aksissou",2023,"Elasmobranch Bycatch in a bottom trawl fishery at Al Hoceima Port in Morocco (Mediterranean Sea)","Research Square","https://doi.org/10.21203/rs.3.rs-3063601/v1","https://doi.org/10.21203/rs.3.rs-3063601/v1","multiple North African",,"marine",,"W4382049684","B_regional_corroborated",""
76,"Garrido, J. R. et al.","José Rafael Garrido; Rachid El Khamlichi; Zouhair Amhaouch; Justo Martín; Juan José Iglesias‐Lebrija; Ernesto Álvarez; Virginia Moraleda; Miguel Ferrer; Carlos Florencio; Iñigo Fajardo; José Ramón Benítez; Jesús Bautista; Helena Clavero; Catherine Numa",2023,"First data about movements and threats of Rüppell's Vultures (Gyps rueppellii) tagged in Morocco: an international and multi-institutional study.","Vulture News","https://doi.org/10.4314/vulnew.v83i.6","https://doi.org/10.4314/vulnew.v83i.6","multiple North African","not stated","both","Rüppell's Vultures","W4382585571","B_regional_corroborated",""
77,"Louhichi, M., Girard, A. & Jribi, I.","Maissa Louhichi; Alexandre Girard; Imed Jribi",2023,"Fishermen Interviews: A Cost-Effective Tool for Evaluating the Impact of Fisheries on Vulnerable Sea Turtles in Tunisia and Identifying Levers of Mitigation","Animals","https://doi.org/10.3390/ani13091535","https://doi.org/10.3390/ani13091535","Tunisia","bycatch","marine","sea turtle","W4376631244","A_named_country_corroborated",""
78,"Hanninger, E. F., Selling, J., Heyer, K. & Burkhardt‐Holm, P.","Eva-Maria Franziska Hanninger; Jörn Selling; Katharina Heyer; Patricia Burkhardt‐Holm",2023,"Injuries in cetaceans in the Strait of Gibraltar: an update for the period 2016-2020","The journal of cetacean research and management. Special issue","https://doi.org/10.47536/jcrm.v24i1.397","https://doi.org/10.47536/jcrm.v24i1.397","multiple North African","not stated","not stated","not stated","W4387024935","B_regional_corroborated",""
79,"Sakraoui, D., Ziane, N., Ghalem, R., Boukheroufa, M. & Habbachi, W.","D. Sakraoui; N. Ziane; R. Ghalem; Mehdi Boukheroufa; W. Habbachi",2023,"Is there an effect of electromagnetic waves from base stations on the breeding success of Ciconia ciconia ciconia in Algeria?","Biosystems Diversity","https://doi.org/10.15421/012358","https://doi.org/10.15421/012358","Algeria","not stated",,"white stork","W4391378766","A_named_country_corroborated",""
80,"Shakman, E. et al.","Esmail Shakman; Aisha Siafenasar; Khaled Etayeb; Ali Shefern; Abdalaha Elmgwashi; Mohamed Al Hajaji; Nauroz bek Benghazi; Abdalha ben Abdalha; Mehdi Aïssi; Fabrizio Serena",2023,"National Inventory and status of Chondrichthyes in the South Mediterranean Sea (Libyan Coast)","BIODIVERSITY JOURNAL","https://doi.org/10.31396/biodiv.jour.2023.14.3.459.480","https://doi.org/10.31396/biodiv.jour.2023.14.3.459.480","multiple North African","bycatch","marine","sharks","W4387645544","B_regional_corroborated",""
81,"Ali, M. A., Atta, D. A. A. E. & Ayyad, M. A.","Mona A. Ali; Doaa A Abou El Atta; M. A. Ayyad",2023,"Propolis, bee venom and Beauveria bassiana toxicity with field application; Controlling the terrestrial gastropod Monacha cartusiana","Journal of Entomology and Zoology Studies","https://doi.org/10.22271/j.ento.2023.v11.i1a.9147","https://doi.org/10.22271/j.ento.2023.v11.i1a.9147","multiple North African","not stated","terrestrial","brown land snail","W4362683912","C_asserted_no_evidence",""
82,"Pierantonio, N., Panigada, S. & Lauriano, G.","Nino Pierantonio; Simone Panigada; Giancarlo Lauriano",2023,"Quantifying Abundance and Mapping Distribution of Loggerhead Turtles in the Mediterranean Sea Using Aerial Surveys: Implications for Conservation","Diversity","https://doi.org/10.3390/d15121159","https://doi.org/10.3390/d15121159","multiple North African","bycatch","marine","Loggerhead Turtles","W4388858561","B_regional_corroborated",""
83,"Kitunda, N. R.","Nassoro Rajab Kitunda",2023,"Rethinking Marine Resource Management and the Livelihoods of Artisanal Fishers","Tanzania Journal of Sociology","https://doi.org/10.56279/tajoso.v9i1.123","https://doi.org/10.56279/tajoso.v9i1.123","multiple North African","not stated","marine","not stated","W4386830300","C_asserted_no_evidence",""
84,"Mendoza‐Roldan, J. A. et al.","Jairo Alfonso Mendoza‐Roldan; Viviane Noll Louzada-Flores; Nouha Lekouch; Intissar Khouchfi; Giada Annoscia; Andrea Zatelli; Frédéric Beugnet; Julia Walochnik; Domenico Otranto",2023,"Snakes and Souks: Zoonotic pathogens associated to reptiles in the Marrakech markets, Morocco","PLoS neglected tropical diseases","https://doi.org/10.1371/journal.pntd.0011431","https://doi.org/10.1371/journal.pntd.0011431","Morocco","not stated","terrestrial",,"W4384820034","A_named_country_corroborated",""
85,"Suárez‐Tangil, B. D. & Luna, Á.","Bruno D. Suárez‐Tangil; Álvaro Luna",2023,"Social perception of mesocarnivores within hunting areas differs from actual species abundance","PLoS ONE","https://doi.org/10.1371/journal.pone.0283882","https://doi.org/10.1371/journal.pone.0283882","multiple North African","not stated","terrestrial","red fox, stone marten, Eurasian badger, common genet, Egyptian mongoose, European rabbit, Iberian hare, red-legged partridge","W4367042407","C_asserted_no_evidence",""
86,"Basiony, U., Rfaeii, Z. A. & Shogaa, A.","Usama Basiony; Zaki Abou Rfaeii; Asmaa Shogaa",2023,"The Impact of Airports Bird Hazard Management on Climate Changes and Bird-watching Tourism: Applying to Sharm El-Sheikh International Airport","Journal of Association of Arab Universities for Tourism and Hospitality","https://doi.org/10.21608/jaauth.2023.197185.1429","https://doi.org/10.21608/jaauth.2023.197185.1429","Egypt","other","not stated","pigeons and white storks","W4378554658","A_named_country_corroborated",""
87,"[Authors not resolved in OpenAlex]",,2023,"The Red Sea Fisheries - Threats and Proposed Solutions","AIN Journal","https://doi.org/10.59660/45115","https://doi.org/10.59660/45115","multiple North African","bycatch","marine","sea turtles","W4379795531","C_asserted_no_evidence",""
88,"keshta, H. N. Z. & Shahhat, M. A. A.","Hesham Nasrallh Zayed keshta; Mamdouh Awad Abdelrahman Shahhat",2023,"The Red Sea Fisheries - Threats and Proposed Solutions","AIN Journal","https://doi.org/10.59660/45125","https://doi.org/10.59660/45125","multiple North African","bycatch","marine","sea turtles","W4380050798","C_asserted_no_evidence",""
89,"Fellous‐Djardini, A., Yamaguchi, N., Hikmani, H. A., Haddane, B. & Black, S. A.","Amina Fellous‐Djardini; Nobuyuki Yamaguchi; Hadi Al Hikmani; B. Haddane; Simon A. Black",2023,"The natural history of lions in North Africa and the relevance of their depiction in the “Lions Attacking a Dromedary” diorama","Curator The Museum Journal","https://doi.org/10.1111/cura.12564","https://doi.org/10.1111/cura.12564","multiple North African","not stated","terrestrial",,"W4385290138","B_regional_corroborated",""
90,"Belkacem, Y., Soumani, K., Belhouchet, N. & Taouchechet, L.","Yasmina Belkacem; Karima Soumani; Nassima Belhouchet; Lahcène Taouchechet",2023,"The occurrence of the Chinese Sinanodonta woodiana (Lea, 1834) (Mollusca Bivalvia Unionidae) in Algerian dams","BIODIVERSITY JOURNAL","https://doi.org/10.31396/biodiv.jour.2023.14.2.385.390","https://doi.org/10.31396/biodiv.jour.2023.14.2.385.390","multiple North African","competition for resources","both","Sinanodonta woodiana","W4382645742","B_regional_corroborated",""
91,"Authors","Authors",2023,"Threats and Mitigation","Vulture News","https://doi.org/10.4314/vulnew.v83a1.6","https://doi.org/10.4314/vulnew.v83a1.6","multiple North African","not stated","not stated","not stated","W4390757936","C_asserted_no_evidence",""
92,"Saïdi, B., ENAJJAR, S. & Bradaï, M. N.","Béchir Saïdi; SAMIRA ENAJJAR; Mohamed Nejmeddine Bradaï",2023,"Vulnerability of elasmobranchs caught as bycatch in the grouper longline fishery in the Gulf of Gabès, Tunisia","Mediterranean Marine Science","https://doi.org/10.12681/mms.27483","https://doi.org/10.12681/mms.27483","Tunisia","bycatch","marine","not stated","W4365151733","A_named_country_corroborated",""
93,"[Authors not resolved in OpenAlex]",,2023,"Vulnerability of elasmobranchs caught as bycatch in the grouper longline fishery in the Gulf of Gabès, Tunisia","National Documentation Centre - EKT journals",,"292045994","Tunisia","bycatch","marine","not stated","292045994","A_named_country_corroborated",""
94,"Rabie, D., Farhi, K. & Chedad, A.","Djalila Rabie; Kamilia Farhi; Abdelwahab Chedad",2023,"What does the diet of the Common Starling (Sturnus vulgaris Linnaeus, 1758) in the Ziban Oasis (Algeria) indicate: pest or useful in agriculture?","Zoology and Ecology","https://doi.org/10.35513/21658005.2023.2.10","https://doi.org/10.35513/21658005.2023.2.10","Algeria","crop damage","terrestrial","Common Starlings","W4390354179","A_named_country_corroborated",""
95,"Báez, J. C., Camiñas, J. A., Aguilera, R., Castro‐Gutiérrez, J. & Real, R.","José Carlos Báez; Juan Antonio Camiñas; Raquel Aguilera; Jairo Castro‐Gutiérrez; Raimundo Real",2023,"When non-target wildlife species and alien species both affect negatively to an artisanal fishery: the case of trammel net in the Alboran Sea","Reviews in Fish Biology and Fisheries","https://doi.org/10.1007/s11160-023-09759-6","https://doi.org/10.1007/s11160-023-09759-6","multiple North African",,"marine","dolphin","W4321435198","C_asserted_no_evidence",""
96,"Alaoui, H. I., Asri, B. E., Ghazi, S., Brhadda, N. & Ziri, R.","Hassana Ismaili Alaoui; Bouchra El Asri; Souad Ghazi; Najiba Brhadda; Rabea Ziri",2022,"A Framework Payment for ecosystem services to reconstitute forest areas closed to grazing in the Ifrane National Park (Morocco).","IOP Conference Series Earth and Environmental Science","https://doi.org/10.1088/1755-1315/1090/1/012006","https://doi.org/10.1088/1755-1315/1090/1/012006","Morocco","not stated","terrestrial","not stated","W4306702031","A_named_country_corroborated",""
97,"al., M. G. D. e.","Mohammed G. Desouky et al.",2022,"Age, Growth and mortality of the rabbit fish Siganus rivulatus (Forsskål 1775) from the Egyptian Mediterranean coast off Alexandria, Egypt","Egyptian Journal of Aquatic Biology and Fisheries","https://doi.org/10.21608/ejabf.2022.264477","https://doi.org/10.21608/ejabf.2022.264477","Egypt","not stated","marine","rabbit fish","W4303646489","A_named_country_corroborated",""
98,"Abalo‐Morla, S. et al.","Sara Abalo‐Morla; Eduardo J. Belda; David March; Ohiana Revuelta; Luís Cardona; Silvia Giralt; José Luís Crespo-Picazo; Sandra Hochscheid; Adolfo Marco; Manuel Merchán; Ricardo Sagarminaga; Yonat Swimmer; Jesús Tomás",2022,"Assessing the use of marine protected areas by loggerhead sea turtles (Caretta caretta) tracked from the western Mediterranean","Global Ecology and Conservation","https://doi.org/10.1016/j.gecco.2022.e02196","https://doi.org/10.1016/j.gecco.2022.e02196","multiple North African","not stated","marine","loggerhead sea turtles","W4283067969","B_regional_corroborated",""
99,"Rizk, A., Ahmed, H. & El-Bakhshawngi, M.","Ahmed Rizk; H. Ahmed; M. El-Bakhshawngi",2022,"Damage of the Egyptian Fruit Bat (Rousettus aegyptiacus) at El-Dakhla Oasis, New-Valley Governorate, Egypt","Indian Journal of Agricultural Research","https://doi.org/10.18805/ijare.af-743","https://doi.org/10.18805/ijare.af-743","Egypt","crop damage","terrestrial","Egyptian fruit bat","W4307710763","A_named_country_corroborated",""
100,"Benras, H., Guezoul, O., Neffar, S. & Chenchouni, H.","Hafsa Benras; Omar Guezoul; Souad Neffar; Haroun Chenchouni",2022,"Disclosing the determinants, drivers and predictors of bird depredation on date palm (Phoenix dactylifera L.) production","Journal of the Saudi Society of Agricultural Sciences","https://doi.org/10.1016/j.jssas.2022.12.003","https://doi.org/10.1016/j.jssas.2022.12.003","multiple North African","crop damage","terrestrial","sparrows","W4312158089","C_asserted_no_evidence",""
101,"[Authors not resolved in OpenAlex]",,2022,"Guidelines for the management of cetacean watching activities in the ACCOBAMS area",,"https://doi.org/10.70978/cggi7445","https://doi.org/10.70978/cggi7445","multiple North African","not stated","marine","whale","W4406349403","C_asserted_no_evidence",""
102,"al., K. M. E. e.","Khaled M. El-Haddad et al.",2022,"Herbivorous Reef Fishes of South Sinai Marine Protected Areas (Gulf of Aqaba, Egypt): Influence of Fisheries Management and Protection Status","Egyptian Journal of Aquatic Biology and Fisheries","https://doi.org/10.21608/ejabf.2022.264541","https://doi.org/10.21608/ejabf.2022.264541","Egypt","not stated","marine","not stated","W4303646466","A_named_country_corroborated",""
103,"Gauld, J. et al.","Jethro Gauld; João Paulo Silva; Philip W. Atkinson; Paul Record; Marta Acácio; Volen Arkumarev; Julio Blas; Willem Bouten; Niall H. K. Burton; Inês Catry; Jocelyn Champagnon; Gary D. Clewley; Mindaugas Dagys; Olivier Duriez; Klaus‐Michael Exo; Wolfgang Fiedler; Andrea Flack; Guilad Friedemann; Johannes Fritz; Clara García‐Ripollés; Stefan Garthe; Dimitri Giunchi; Atanas Grozdanov; Roi Harel; Elizabeth M. Humphreys; René Janssen; Andrea Kölzsch; Olga Kulikova; Thomas K. Lameris; Pascual López‐López; Elizabeth A. Masden; Flavio Monti; Ran Nathan; Stoyan C. Nikolov; Steffen Oppel; Hristo Peshev; W. Louis Phipps; Ivan Pokrovsky; Viola Ross-Smith; Victoria Saravia; Emily S. Scragg; Andrea Sforzi; Emilian Stoynov; Chris B. Thaxter; Wouter Van Steelant; Mariëlle L. van Toor; Bernd Vorneweg; Jonas Waldenström; Martin Wikelski; Ramūnas Žydelis; Aldina M. A. Franco",2022,"Hotspots in the grid: Avian sensitivity and vulnerability to collision risk from energy infrastructure interactions in Europe and North Africa","Journal of Applied Ecology","https://doi.org/10.1111/1365-2664.14160","https://doi.org/10.1111/1365-2664.14160","multiple North African","not stated","not stated","Lesser Black-backed Gull","W4223523542","B_regional_corroborated",""
104,"Deniau, C.","Christophe Deniau",2022,"Human - Waterbird interactions : Uses of waterbird populations by local communities in major Sahelo-Saharan wetlands : towards sustainable management?","theses.fr (ABES)",,"https://openalex.org/W4393365762","multiple North African",,,"waterbirds","W4393365762","C_asserted_no_evidence",""
105,"Calzada, J., Clavero, M., Delibes, M. & Fernández, N.","Javier Calzada; Miguel Clavero; Miguel Delibes; Néstor Fernández",2022,"Human pressures constrain Eurasian otter occurrence in semiarid Northern Africa","Biodiversity and Conservation","https://doi.org/10.1007/s10531-022-02405-w","https://doi.org/10.1007/s10531-022-02405-w","multiple North African","not stated","both","otter","W4220771849","B_regional_corroborated",""
106,"Barron, E. et al.","Elizabeth Barron; Ram Prasad Chaudhary; Sónia Maria Carvalho Ribeiro; Eric Gilman; Jaqueline Hess; Ray Hilborn; Esther Katz; Ritah Kigonya; Hicham Masski; Laura Isabel Mesa Castellanos; Penelope J. Mograbi; Prateep Kumar Nayak; Helder Lima de Queiroz; Anna Sidorovich; Renato Azevedo Matias Silvano; Yan Zeng; Chabi Djagoun; Marie-Claire Danner",2022,"IPBES Sustainable Use of Wild Species Assessment - Chapter 3. Status of and trends in the use of wild species and its implications for wild species, the environment and people","Zenodo (CERN European Organization for Nuclear Research)","https://doi.org/10.5281/zenodo.7157829","https://doi.org/10.5281/zenodo.7157829","multiple North African","not stated","not stated","not stated","W4303457477","C_asserted_no_evidence",""
107,"Balachander, G. et al.","Ganesan Balachander; Marwa Waseem A. Halmy; Brenda Parlee; Duan Biggs; Murali Chatakonda; Andrés M. Cisneros‐Montemayor; Marie-Christine Cormier-Salem; Rajarshi Dasgupta; Shiva Devkota; Janaí­na Deane de Abreu Sá Diniz; Aisha Elfaki; Lisa Hiwasaki; Gabriela Lichtenstein; Andries Richter; Manzoor A. Shah; Patrícia Shanley; Uttam Babu Shrestha; Tien Ming Lee; Bayarbaatar Buuveibaatar; Daniel Kieling",2022,"IPBES Sustainable Use of Wild Species Assessment - Chapter 4. The drivers of the sustainable use of wild species","Zenodo (CERN European Organization for Nuclear Research)","https://doi.org/10.5281/zenodo.7346780","https://doi.org/10.5281/zenodo.7346780","multiple North African","not stated","not stated","not stated","W4309601661","C_asserted_no_evidence",""
108,"Balachander, G. et al.","Ganesan Balachander; Marwa Waseem A. Halmy; Brenda Parlee; Duan Biggs; Murali Chatakonda; Andrés M. Cisneros‐Montemayor; Marie-Christine Cormier-Salem; Rajarshi Dasgupta; Shiva Devkota; Janaí­na Deane de Abreu Sá Diniz; Aisha Elfaki; Lisa Hiwasaki; Gabriela Lichtenstein; Andries Richter; Manzoor A. Shah; Patrícia Shanley; Uttam Babu Shrestha; Tien Ming Lee; Bayarbaatar Buuveibaatar; Daniel Kieling",2022,"IPBES Sustainable Use of Wild Species Assessment - Chapter 4. The drivers of the sustainable use of wild species","Zenodo (CERN European Organization for Nuclear Research)","https://doi.org/10.5281/zenodo.7695770","https://doi.org/10.5281/zenodo.7695770","multiple North African","not stated","not stated","not stated","W4323066251","C_asserted_no_evidence",""
109,"Hamada, A., El-Gebaly, O., Khayat, M. E. & Riad, S.","Ayman Hamada; Osama El-Gebaly; Mohamed El Khayat; Saber Riad",2022,"Impact of a Wind Energy Projects on Bird Migration Gabel Al-Zeit - Eastern Desert, Egypt","Catrina The International Journal of Environmental Sciences","https://doi.org/10.21608/cat.2022.147050.1134","https://doi.org/10.21608/cat.2022.147050.1134","Egypt","other","terrestrial","migratory soaring birds","W4292236166","A_named_country_corroborated",""
110,"Kaddouri, A.","Abdelhamid Kaddouri",2022,"Impact of the Bottlenose Dolphins (Tursiops truncatus) Depredation on Purse-Seine Fishery in the Region of M’diq (Northwestern Morocco)","Egyptian Journal of Aquatic Biology and Fisheries","https://doi.org/10.21608/ejabf.2022.271078","https://doi.org/10.21608/ejabf.2022.271078","Morocco","other","marine","Bottlenose Dolphins","W4310824678","A_named_country_corroborated",""
111,"Elsawy, M. S., Mohafez, M. & Danasory, M. A. E.","Mahmoud Saad Elsawy; M. Mohafez; M. A. El- Danasory",2022,"Losses of tomato crop by wild birds in El-Beheira and Matrouh governorates, Egypt","Al-Azhar Journal of Agricultural Research","https://doi.org/10.21608/ajar.2022.255498","https://doi.org/10.21608/ajar.2022.255498","multiple North African","crop damage","terrestrial","hooded crow, house sparrow","W4294096698","B_regional_corroborated",""
112,"Kirchhoff, M. et al.","Mario Kirchhoff; Irene Marzolff; Robin Stephan; Manuel Seeger; Ali Aït Hssaïne; Johannes B. Ries",2022,"Monitoring dryland trees with remote sensing. Part B: Combining tree cover and plant architecture data to assess degradation and recovery of Argania spinosa woodlands of South Morocco","Frontiers in Environmental Science","https://doi.org/10.3389/fenvs.2022.896703","https://doi.org/10.3389/fenvs.2022.896703","Morocco","not stated","both","Argania spinosa","W4303021564","A_named_country_corroborated",""
113,"Keznine, M.","Mohamed Keznine",2022,"Preliminary data on bycatch and stranding of marine turtles in Al Hoceima, Morocco","Egyptian Journal of Aquatic Biology and Fisheries","https://doi.org/10.21608/ejabf.2022.228714","https://doi.org/10.21608/ejabf.2022.228714","multiple North African","bycatch","marine","turtles","W4224103651","B_regional_corroborated",""
114,"Lorenzo, M. D. et al.","Manfredi Di Lorenzo; Antonio Calò; Antonio Franco; Giacomo Milisenda; Giorgio Aglieri; Carlo Cattano; Marco Milazzo; Paolo Guidetti",2022,"Small-scale fisheries catch more threatened elasmobranchs inside partially protected areas than in unprotected areas","Nature Communications","https://doi.org/10.1038/s41467-022-32035-3","https://doi.org/10.1038/s41467-022-32035-3","multiple North African","not stated","marine","not stated","W4290786637","C_asserted_no_evidence",""
115,"Castriota, L., Falautano, M., Maggio, T. & Perzia, P.","Luca Castriota; Manuela Falautano; Teresa Maggio; Patrizia Perzia",2022,"The Blue Swimming Crab Portunus segnis in the Mediterranean Sea: Invasion Paths, Impacts and Management Measures","Biology","https://doi.org/10.3390/biology11101473","https://doi.org/10.3390/biology11101473","multiple North African","not stated",,"Blue Swimming Crab","W4303685494","B_regional_corroborated",""
116,"Alami, A. E., Lavieren, E. v. & Chait, A.","Abderrazak El Alami; Els van Lavieren; Abderrahman Chait",2022,"The major threats to the Endangered Barbary macaque Macaca sylvanus in North Africa","European Journal of Ecology","https://doi.org/10.17161/eurojecol.v8i2.16246","https://doi.org/10.17161/eurojecol.v8i2.16246","multiple North African","competition for resources","terrestrial","Barbary macaque","W4319032897","B_regional_corroborated",""
117,"Derdabi, M. R., Aksissou, M. & Toujgani, I.","Mohamed Rida Derdabi; Mustapha Aksissou; Ihssane Toujgani",2022,"Using Fishermen’s Knowledge and GIS to Identify Fishing Grounds, Gears and Species in the Projected Marine Protected Area ‘Jabal Moussa’","Journal of sustainability and environmental management","https://doi.org/10.3126/josem.v1i2.45346","https://doi.org/10.3126/josem.v1i2.45346","multiple North African","not stated","marine","not stated","W4281756481","C_asserted_no_evidence",""
118,"Hale, D. et al.","Daniel Hale; Suelette Dreyfus; Naomi Colvin; Anna Myers; Delphine Halgand-Mishra; Barrett Brown",2021,"6. Silenced by Power: Repression, Isolation &amp; Persecution","transcript Verlag eBooks","https://doi.org/10.1515/9783839457931-008","https://doi.org/10.1515/9783839457931-008","multiple North African",,,,"W4200213882","C_asserted_no_evidence",""
119,"Hichami, N. & Znari, M.","Nawal Hichami; Mohammed Znari",2021,"A management plan for a declining population of the Souss valley tortoise in an arid steppe-land of west-central Morocco","Basic and Applied Herpetology","https://doi.org/10.11160/bah.183","https://doi.org/10.11160/bah.183","Morocco","not stated","terrestrial","tortoises","W3172003661","A_named_country_corroborated",""
120,"Elrawy, A. A. A., Mahmoud, N., Baghdadi, S. & Desoky, A.","Ahmed A. A. Elrawy; N. Mahmoud; S. Baghdadi; A. Desoky",2021,"Assessment of damage caused by rodents in some maize varieties in Farshut area, Qena governorate, Egypt","Archives of Agriculture Sciences Journal/Archives of Agriculture Sciences Journal ","https://doi.org/10.21608/aasj.2021.65638.1057","https://doi.org/10.21608/aasj.2021.65638.1057","Egypt","crop damage","terrestrial","rodents","W3183573263","A_named_country_corroborated",""
121,"Gómez, S., Carreño, A. & Lloret, J.","Sílvia Gómez; Arnau Carreño; Josep Lloret",2021,"Cultural heritage and environmental ethical values in governance models: Conflicts between recreational fisheries and other maritime activities in Mediterranean marine protected areas","Marine Policy","https://doi.org/10.1016/j.marpol.2021.104529","https://doi.org/10.1016/j.marpol.2021.104529","multiple North African","other","marine","not stated","W3162789037","C_asserted_no_evidence",""
122,"Clairbaux, M. & Jessopp, M.","Manon Clairbaux; Mark Jessopp",2021,"D7.9 Review of species-specific collision risks for sea birds","Zenodo (CERN European Organization for Nuclear Research)","https://doi.org/10.5281/zenodo.6867543","https://doi.org/10.5281/zenodo.6867543","multiple North African","not stated","marine","not stated","W4286380219","C_asserted_no_evidence",""
123,"Waters, S., Harrad, A. E., Bell, S. & Setchell, J. M.","Siân Waters; Ahmed El Harrad; Sandra Bell; Joanna M. Setchell",2021,"Decolonizing Primate Conservation Practice: A Case Study from North Morocco","International Journal of Primatology","https://doi.org/10.1007/s10764-021-00228-0","https://doi.org/10.1007/s10764-021-00228-0","multiple North African","not stated","terrestrial","Barbary macaque","W3185015889","B_regional_corroborated",""
124,"García‐Alfonso, M., Overveld, T. v., Gangoso, L., Serrano, D. & Donázar, J. A.","Marina García‐Alfonso; Thijs van Overveld; Laura Gangoso; David Serrano; José A. Donázar",2021,"Disentangling drivers of power line use by vultures: Potential to reduce electrocutions","The Science of The Total Environment","https://doi.org/10.1016/j.scitotenv.2021.148534","https://doi.org/10.1016/j.scitotenv.2021.148534","multiple North African","persecution or retaliatory killing","terrestrial","Egyptian Vulture","W3175439491","B_regional_corroborated",""
125,"Mullié, W. C.","Wim C. Mullié",2021,"Don't kill your allies : The impact of chemical and biological locust and grasshopper control on birds",,"https://doi.org/10.18174/535131","https://doi.org/10.18174/535131","multiple North African","not stated","not stated","not stated","W3129957199","C_asserted_no_evidence",""
126,"Marrakech., D. A. R. H. I. T. C. M. V. et al.","Departement Anesthesie Reanimation Hopital Ibn Tofail CHU Mohammed VI Marrakech.; N. Tajellijiti; H. Errifaiy; Departement Anesthesie Reanimation Hopital Ibn Tofail CHU Mohammed VI Marrakech.; N. Boukoub; Departement Anesthesie Reanimation Hopital Ibn Tofail CHU Mohammed VI Marrakech.; Y. Elouardi; Departement Anesthesie Reanimation Hopital Ibn Tofail CHU Mohammed VI Marrakech.; M. Khallouki; Departement Anesthesie Reanimation Hopital Ibn Tofail CHU Mohammed VI Marrakech.",2021,"ENVENIMATIONS VIPERINES","International Journal of Advanced Research","https://doi.org/10.21474/ijar01/13428","https://doi.org/10.21474/ijar01/13428","Morocco","other",,"viper","W4235674053","A_named_country_corroborated",""
127,"Bragin, E. A., Horváth, M., Poessel, S. A. & Katzner, T. E.","Evgeny A. Bragin; Márton Horváth; Sharon A. Poessel; Todd E. Katzner",2021,"Eastern imperial eagle Aquila heliaca",,"https://doi.org/10.1201/9781351023627-12","https://doi.org/10.1201/9781351023627-12","multiple North African","persecution or retaliatory killing","not stated","Eastern imperial eagle","W3169892409","B_regional_corroborated",""
128,"Kietzka, G. J., Lecoq, M. & Samways, M. J.","Gabriella J. Kietzka; Michel Lecoq; Michael J. Samways",2021,"Ecological and Human Diet Value of Locusts in a Changing World","Agronomy","https://doi.org/10.3390/agronomy11091856","https://doi.org/10.3390/agronomy11091856","multiple North African","crop damage","terrestrial",,"W3200123832","C_asserted_no_evidence",""
129,"A.Elrawy, A. A., Mahmoud, N., Baghdadi, S. A. S. & Desoky, A. E. S. S.","Ahmed A. A.Elrawy; Nashaat Mahmoud; Saudi A. S. Baghdadi; Abd El-Aleem Saad Soliman Desoky",2021,"Economic Losses Caused By Rodents in Some Cultivars of Rodents in Maize Fields","Research and Analysis Journal","https://doi.org/10.18535/raj/v4i09.02","https://doi.org/10.18535/raj/v4i09.02","Egypt","crop damage","terrestrial","rodents","W3196770489","A_named_country_corroborated",""
130,"Kourantidou, M. et al.","Melina Kourantidou; Ross N. Cuthbert; Phillip J. Haubrock; Ana Novoa; Nigel G. Taylor; Boris Leroy; César Capinha; David Renault; Elena Angulo; Christophe Diagne; Franck Courchamp",2021,"Economic costs of invasive alien species in the Mediterranean basin","NeoBiota","https://doi.org/10.3897/neobiota.67.58926","https://doi.org/10.3897/neobiota.67.58926","multiple North African","not stated","not stated","not stated","W3188375666","B_regional_corroborated",""
131,"Elrawy, A. A. A., Mahmoud, N., Baghdadi, S. A. & Desoky, A. E. S.","Ahmed A. A. Elrawy; Nashaat Mahmoud; Saudi AS Baghdadi; Abd El-Aleem SS Desoky",2021,"Economic losses caused by rodents in some types of maize fields at Farshout District, Qena Governorate, Egypt",,"https://doi.org/10.36811/ijpsh.2021.110031","https://doi.org/10.36811/ijpsh.2021.110031","Egypt","crop damage","terrestrial","rodents","W3183479500","A_named_country_corroborated",""
132,"Ragheb, E. & Hasan, M. W. A.","Evelyn Ragheb; Mohamed Wagih Ahmed Hasan",2021,"First record of Pteroplatytrygon violacea (Bonaparte, 1832) with annotation of cartilaginous fishes by-catch by gill nets (Egyptian Mediterranean)","The Egyptian Journal of Aquatic Research","https://doi.org/10.1016/j.ejar.2021.09.002","https://doi.org/10.1016/j.ejar.2021.09.002","multiple North African","bycatch","marine","not stated","W3203855821","B_regional_corroborated",""
133,"al., K. M. E. e. et al.","Khaled M. El-Haddad et al.; Abdel-Hamid A. M. Ali; Mohammed S. Abdel-Rahman; Saad Mohammed; Fagr Kh. Abdel‐Gawad; Giulia Guerriero; Tarek Temraz",2021,"Herbivorous fish of Sinai marine protected areas (Gulf of Aqaba): Structure baseline for potential thermal stress impact management","bioRxiv (Cold Spring Harbor Laboratory)","https://doi.org/10.1101/2021.09.17.460804","https://doi.org/10.1101/2021.09.17.460804","multiple North African","not stated","marine","not stated","W3200894589","B_regional_corroborated",""
134,"Chimienti, G., D'Onghia, G. & Mastrototaro, F.","Giovanni Chimienti; Gianfranco D'Onghia; Francesco Mastrototaro",2021,"Incidental catch of vulnerable species in Mediterranean and Black Sea fisheries - A review","FAO eBooks","https://doi.org/10.4060/cb5405en","https://doi.org/10.4060/cb5405en","multiple North African","bycatch","marine","seabirds, sea turtles, elasmobranchs, marine mammals, macrobenthic invertebrates","W3186672508","B_regional_corroborated",""
135,"Afefe, A. A.","Abdelwahab A. Afefe",2021,"Linking Territorial and Coastal Planning: Conservation Status and Management of Mangrove Ecosystem at the Egyptian - African Red Sea Coast","Aswan University Journal of Environmental Studies","https://doi.org/10.21608/aujes.2021.65951.1013","https://doi.org/10.21608/aujes.2021.65951.1013","multiple North African","other","both","mangrove","W3164722733","B_regional_corroborated",""
136,"Milazzo, M., Cattano, C., Mabruk, S. A. & Giovos, I.","Marco Milazzo; Carlo Cattano; Sara Al Mabruk; Ioannis Giovos",2021,"Mediterranean sharks and rays need action","Science","https://doi.org/10.1126/science.abg1943","https://doi.org/10.1126/science.abg1943","multiple North African","other","marine","sharks and rays","W3126146416","B_regional_corroborated",""
137,"Hattimy, F. E. et al.","Faiçal El Hattimy; Fouad Chafiq; Hermann-Desiré Lallié; A. Mokhtari; Abdelmajid Soulaymani; Rachida Soulaymani Bencheikh",2021,"Ophidian envenomation in Morocco: Analysis of specific hospitalization records (2012-2015)","E3S Web of Conferences","https://doi.org/10.1051/e3sconf/202131901071","https://doi.org/10.1051/e3sconf/202131901071","Morocco","other","terrestrial","Snake","W3213140225","A_named_country_corroborated",""
138,"Clairbaux, M. & Jessopp, M.","Manon Clairbaux; Mark Jessopp",2021,"Review of species-specific collision risks for seabirds","Zenodo (CERN European Organization for Nuclear Research)","https://doi.org/10.5281/zenodo.6974012","https://doi.org/10.5281/zenodo.6974012","multiple North African","other","marine","seabirds","W4301525508","C_asserted_no_evidence",""
139,"Eikelboom, J. A.","Jasper A.J. Eikelboom",2021,"Sentinel animals : Enriching artificial intelligence with wildlife ecology to guard rhinos",,"https://doi.org/10.18174/544693","https://doi.org/10.18174/544693","multiple North African","persecution or retaliatory killing","terrestrial","rhino","W4237097071","C_asserted_no_evidence",""
140,"Porcher, I. F., Darvell, B. & Ziegler, I.","Ila France Porcher; B.W. Darvell; Iris Ziegler",2021,"Shark Conservation – Analysis and Synthesis","Preprints.org","https://doi.org/10.20944/preprints202102.0145.v3","https://doi.org/10.20944/preprints202102.0145.v3","multiple North African","bycatch","marine","shark","W4242830021","C_asserted_no_evidence",""
141,"Porcher, I. F. & Darvell, B.","Ila France Porcher; B.W. Darvell",2021,"Shark Conservation – Analysis and Synthesis","Preprints.org","https://doi.org/10.20944/preprints202102.0145.v4","https://doi.org/10.20944/preprints202102.0145.v4","multiple North African","bycatch","marine","shark","W4206431590","C_asserted_no_evidence",""
142,"Khalil, R. L.","Rania Lee Khalil",2021,"Sinai: Tourism, Colonialism, and Sea","Journal of Embodied Research","https://doi.org/10.16995/jer.85","https://doi.org/10.16995/jer.85","multiple North African","other",,"whales, sea turtles, dolphins, sharks","W3165463768","B_regional_corroborated",""
143,"Mili, S. et al.","Sami Mili; Rim Ennouri; Manel Fatnassi; Tahani Chargui; Hajer Zarrouk; Houcine Laouar",2021,"Status of Chinese Carp Fisheries in Tunisian Freshwater Reservoirs: Threats and Opportunities","Journal of Biomedical Research & Environmental Sciences","https://doi.org/10.37871/jbres1336","https://doi.org/10.37871/jbres1336","Tunisia","not stated","both","Chinese carp","W3210000181","A_named_country_corroborated",""
144,"Mahdy, A., Ghallab, A., Madkour, H. A. & Osman, A. G. M.","Aldoushy Mahdy; Ahmed Ghallab; Hashem A. Madkour; Alaa G. M. Osman",2021,"Status of Indo-Pacific Bottlenose Dolphin, Tursiops aduncus (Family Delphinidae: Order Cetacea) in the Northern Protected Islands, Hurghada, Red Sea, Egypt","Egyptian Journal of Aquatic Biology and Fisheries","https://doi.org/10.21608/ejabf.2021.149307","https://doi.org/10.21608/ejabf.2021.149307","Egypt","other","marine","Indo-Pacific Bottlenose Dolphin","W3134637697","A_named_country_corroborated",""
145,"Catalano, G. et al.","Giusy Catalano; Valentina Crobe; Alice Ferrari; R. Baino; Daniela Massi; Antonino Titone; Cecilia Mancusi; Fabrizio Serena; Rita Cannas; Laura Carugati; Farid Hemida; Chiara Manfredi; Riccardo Melis; Giuseppe Scarcella; Letizia Sión; Marco Stagioni; Fausto Tinti; Alessia Cariani",2021,"Strongly structured populations and reproductive habitat fragmentation increase the vulnerability of the Mediterranean starry rayRaja asterias(Elasmobranchii, Rajidae)","Aquatic Conservation Marine and Freshwater Ecosystems","https://doi.org/10.1002/aqc.3739","https://doi.org/10.1002/aqc.3739","multiple North African","bycatch","marine","Mediterranean starry ray","W3215690827","C_asserted_no_evidence",""
146,"Abdeljalil, A. B. M., Znari, M., Said, e., Bellout, S. & Mohamed, N.","Ait Baamrane Moulay Abdeljalil; Mohammed Znari; el Said; Siham Bellout; Naimi Mohamed",2021,"The Last-Surviving Moroccan Dorcas Gazelle (Gazella dorcas massaesyla) Viability Analysis [M’Sabih Talaa Reserve, Morocco]","International Journal of Zoological Investigations","https://doi.org/10.33745/ijzi.2021.v07i01.017","https://doi.org/10.33745/ijzi.2021.v07i01.017","Morocco","not stated","terrestrial","MT gazelle","W3196772912","A_named_country_corroborated",""
147,"Vella, A. et al.","Adriana Vella; Sinéad Murphy; Joan Giménez; Renaud de Stephanis; Barbara Mussi; Joseph G. Vella; Kamel Larbi Doukara; Daniela Silvia Pace",2021,"The conservation of the endangered Mediterranean common dolphin (Delphinus delphis): Current knowledge and research priorities","Aquatic Conservation Marine and Freshwater Ecosystems","https://doi.org/10.1002/aqc.3538","https://doi.org/10.1002/aqc.3538","multiple North African",,"marine","Mediterranean common dolphin","W3133867487","C_asserted_no_evidence",""
148,"[Authors not resolved in OpenAlex]",,2021,"Traditional fishery of Dolphinfish (Coryphaena hippurus) in the Gulf of Hammamet, Tunisia: implications for management of the entire Mediterranean fishery","Journal of Chemical Biological and Physical Sciences","https://doi.org/10.24214/jcbps.b.11.1.13751","https://doi.org/10.24214/jcbps.b.11.1.13751","multiple North African","not stated","marine","dolphinfish","W4205402711","B_regional_corroborated",""
149,"Veracini, C.","Cecilia Veracini",2020,"A Landscape without Nonhuman Primates? The Case of the Barbary Macaque, Macaca sylvanus, (Linnaeus, 1758) and Its Interaction with Humans throughout Recorded Time","Humanities","https://doi.org/10.3390/h9030092","https://doi.org/10.3390/h9030092","multiple North African","not stated","not stated","Barbary Macaque","W3081500063","C_asserted_no_evidence",""
150,"Madzivanzira, T. C., South, J., Wood, L. E., Nunes, A. L. & Weyl, O. L. F.","Takudzwa C. Madzivanzira; Josie South; Louisa E. Wood; Ana L. Nunes; Olaf L. F. Weyl",2020,"A Review of Freshwater Crayfish Introductions in Africa","Reviews in Fisheries Science & Aquaculture","https://doi.org/10.1080/23308249.2020.1802405","https://doi.org/10.1080/23308249.2020.1802405","multiple North African","other","both","freshwater crayfish","W3048716714","B_regional_corroborated",""
151,"Cherkaoui, S. I., Boukherouk, M., Lakhal, T., Aghzar, A. & Youssfi, L. E.","Sidi Imad Cherkaoui; Mohamed Boukherouk; Tarik Lakhal; Adil Aghzar; Lahcen El Youssfi",2020,"Conservation Amid COVID-19 Pandemic: Ecotourism Collapse Threatens Communities and Wildlife in Morocco","E3S Web of Conferences","https://doi.org/10.1051/e3sconf/202018301003","https://doi.org/10.1051/e3sconf/202018301003","multiple North African","not stated","not stated","not stated","W3047050104","B_regional_corroborated",""
152,"Belmahi, A. E. et al.","Alae Eddine Belmahi; Youcef Belmahi; Mouloud Benabdi; Amaria Latefa Bouziani; Samira Ait Darna; Yahia Bouslah; Mohamed Bendoula; Mohamed Bouderbala",2020,"First study of sea turtle strandings in Algeria (western Mediterranean) and associated threats: 2016–2017","Herpetozoa","https://doi.org/10.3897/herpetozoa.33.e48541","https://doi.org/10.3897/herpetozoa.33.e48541","Algeria","bycatch","marine","loggerhead turtle, leatherback turtle, green turtle","W3029444820","A_named_country_corroborated",""
153,"Fritz, J. & Janák, J.","Johannes Fritz; Jiří Janák",2020,"How human intervention and climate change shaped the fate of the Northern Bald Ibis from ancient Egypt to the presence: an interdisciplinary approach to extinction and recovery of an iconic bird species","bioRxiv (Cold Spring Harbor Laboratory)","https://doi.org/10.1101/2020.11.25.397570","https://doi.org/10.1101/2020.11.25.397570","multiple North African","not stated","not stated","Northern Bald Ibis","W3108294470","B_regional_corroborated",""
154,"Ali, M., El-Kattan, M. S. & Hassan, Y. A. M.","Magdi Ali; Mohamed S. El-Kattan; Yasmine A. M. Hassan",2020,"Impact of Nile Crocodiles on Fish Production in Lake Nasser","Aswan University Journal of Environmental Studies","https://doi.org/10.21608/aujes.2020.124535","https://doi.org/10.21608/aujes.2020.124535","multiple North African","competition for resources",,,"W3108985652","B_regional_corroborated",""
155,"Alfonso, M. G.","Marina García Alfonso",2020,"Individual and environmental drivers of resource use in an endangered vulture: integrating movement, spatial and social ecology","Dialnet (Universidad de la Rioja)",,"https://openalex.org/W3037333349","multiple North African",,"terrestrial","Egyptian vultures","W3037333349","B_regional_corroborated",""
156,"Oppel, S. et al.","Steffen Oppel; Volen Arkumarev; Samuel Bakari; Vladimir Dobrev; Victoria Saravia; Solomon Adefolu; Lale Aktay Sözüer; Paul T. Apeverga; Şafak Arslan; Yahkat Barshep; Taulant Bino; Anastasios Bounas; Turan Çetin; Maher Dayyoub; Dobromir Dobrev; Klea Duro; Laith El-Moghrabi; Hana ElSafoury; Endris Ahmed; Nabegh Ghazal Asswad; Junior Hanson Harry; Sam Ivande; Sharif Al Jbour; Eleftherios Kapsalis; Elżbieta Kret; Bruktawit Abdu Mahamued; Shiiwua A. Manu; Solomon Mengistu; Abdoul Razack Moussa Zabeirou; Sulaiman Inuwa Muhammad; Slave Nakev; Alex Ngari; Joseph Onoja; Maher Osta; Serdar Özuslu; Nenad Petrovski; Georgi Popgeorgiev; Cloé Pourchier; Alazar Ruffo; Mohammed Shobrak; Lavrentis Sidiropoulos; Theodora Skartsi; Özgün Sözüer; Kalliopi Stara; Million Tesfaye; Mirjan Topi; Dimitrios Vavylis; Metodija Velevski; Zydjon Vorpsi; Mengistu Wondafrash; Erald Xeka; Can Yeniyurt; Emil Yordanov; Stoyan C. Nikolov",2020,"Major threats to a migratory raptor vary geographically along the eastern Mediterranean flyway","bioRxiv (Cold Spring Harbor Laboratory)","https://doi.org/10.1101/2020.12.16.422983","https://doi.org/10.1101/2020.12.16.422983","multiple North African","persecution or retaliatory killing",,"Egyptian Vulture","W3110888851","B_regional_corroborated",""
157,"Abdelhakim, W.","Walaa Abdelhakim",2020,"Scaring Birds: The concept of the Scarecrow in Ancient Egypt","International Journal of Heritage, Tourism, and Hospitality","https://doi.org/10.21608/ijhth.2020.154143","https://doi.org/10.21608/ijhth.2020.154143","multiple North African","crop damage","terrestrial","birds","W3134709212","B_regional_corroborated",""
158,"Mahrad, B. E. et al.","Badr El Mahrad; Samuel Abalansa; Alice Newton; John Icely; Maria Snoussi; Ilias Kacimi",2020,"Social-Environmental Analysis for the Management of Coastal Lagoons in North Africa","Frontiers in Environmental Science","https://doi.org/10.3389/fenvs.2020.00037","https://doi.org/10.3389/fenvs.2020.00037","multiple North African","not stated","both","not stated","W3017956184","B_regional_corroborated",""
159,"El‐Dakar, A. Y., Aly, S. M., El-Aiatt, A. & Al-Beak, A.","Ashraf Y. El‐Dakar; Salah M. Aly; Attia El-Aiatt; Ahmed Al-Beak",2020,"Status of Sepia officinalis and 19 Main Fisheries Species Caught from Southeast Mediterranean Sea, North Sinai, Egypt.","Egyptian Journal of Aquatic Biology and Fisheries","https://doi.org/10.21608/ejabf.2020.116577","https://doi.org/10.21608/ejabf.2020.116577","multiple North African","not stated","marine","common cuttlefish","W3090749294","B_regional_corroborated",""
160,"Böhm, C. et al.","Christiane Böhm; Christopher G. R. Bowden; Philip J. Seddon; Taner Hatipoğlu; Widade Oubrou; Mohammed El Bekkay; Miguel Ángel Quevedo; Johannes Fritz; Can Yeniyurt; Jose M. Garcia Lopez; Jorge F. Orueta; Didone Frigerio; Markus Unsöld",2020,"The northern bald ibis Geronticus eremita: history, current status and future perspectives","Oryx","https://doi.org/10.1017/s0030605320000198","https://doi.org/10.1017/s0030605320000198","multiple North African","not stated","not stated","northern bald ibis","W3108367984","B_regional_corroborated",""
161,"Uhm, D. v.","Daan van Uhm",2020,"Wildlife trafficking and criminogenic asymmetries in a globalised world",,"https://doi.org/10.4324/9781315207094-30","https://doi.org/10.4324/9781315207094-30","multiple North African","other","both","rhino, tiger, Barbary macaques, sturgeon","W3016553572","B_regional_corroborated",""
162,"Doukara, K. L.","Kamel Larbi Doukara",2019,"A stranding record of the short‐beaked common dolphin (Delphinus delphis) in Algerian West Coast, during 2008–2012","Aquatic Conservation Marine and Freshwater Ecosystems","https://doi.org/10.1002/aqc.3207","https://doi.org/10.1002/aqc.3207","Algeria","bycatch","marine","short‐beaked common dolphin","W2981509526","A_named_country_corroborated",""
163,"Dobamo, T.","Taye Dobamo",2019,"Ecology of Caracals and Their Distribution in Africa: A Review Paper","Journal of Biology Agriculture and Healthcare","https://doi.org/10.7176/jbah/9-13-05","https://doi.org/10.7176/jbah/9-13-05","multiple North African","not stated","not stated","caracal","W4245410401","B_regional_corroborated",""
164,"Saïdi, B., Karaa, S., Enajjar, S. & Bradaï, M. N.","Béchir Saïdi; Sami Karaa; Samira Enajjar; Mohamed Nejmeddine Bradaï",2019,"Effects of fishing practice changes on pelagic shark longline captures in the Gulf of Gabes, Tunisia","Aquatic Conservation Marine and Freshwater Ecosystems","https://doi.org/10.1002/aqc.3226","https://doi.org/10.1002/aqc.3226","multiple North African","not stated","marine","sandbar shark","W2991073745","B_regional_corroborated",""
165,"Egerton, F. N.","Frank N. Egerton",2019,"History of Ecological Sciences, Part 61C: Marine Biogeography, 1690s–1940s","Bulletin of the Ecological Society of America","https://doi.org/10.1002/bes2.1486","https://doi.org/10.1002/bes2.1486","multiple North African","not stated","both","oceanic birds, seal family, sea turtles, iguana, crabs, marine snakes","W2908415939","C_asserted_no_evidence",""
166,"Waters, S., Harrad, A. E., Bell, S. & Setchell, J. M.","Siân Waters; Ahmed El Harrad; Sandra Bell; Joanna M. Setchell",2019,"Interpreting People’s Behavior Toward Primates Using Qualitative Data: a Case Study from North Morocco","International Journal of Primatology","https://doi.org/10.1007/s10764-019-00087-w","https://doi.org/10.1007/s10764-019-00087-w","Morocco","not stated","terrestrial","Barbary macaque","W2943305201","A_named_country_corroborated",""
167,"Fumagalli, M. et al.","Maddalena Fumagalli; Amina Cesario; Marina Costa; Giuseppe Notarbartolo di Sciara; John Harraway; Elisabeth Slooten",2019,"Population ecology and the management of whale watching operations on a data‐deficient dolphin population","Ecology and Evolution","https://doi.org/10.1002/ece3.5565","https://doi.org/10.1002/ece3.5565","Egypt","not stated","marine","spinner dolphins","W2969873458","A_named_country_corroborated",""
168,"AHMED, H., Eisa, Y. A. & Rizk, A.","Hany AHMED; Y. A. Eisa; Ahmed Rizk",2019,"RODENT DAMAGE AND CONTROL IN WHEAT GROWING STAGES, SOHAG GOVERNORATE, EGYPT","Egyptian Journal of Agricultural Research","https://doi.org/10.21608/ejar.2019.68569","https://doi.org/10.21608/ejar.2019.68569","Egypt","crop damage",,"Norway rat","W3003427061","A_named_country_corroborated",""
169,"Saïdi, B. et al.","Béchir Saïdi; Samira Enajjar; Sami Karaa; Khaled Echwikhi; Imed Jribi; Mohamed Nejmeddine Bradaï",2019,"Shark pelagic longline fishery in the Gulf of Gabes: Inter-decadal inspection reveals management needs","Mediterranean Marine Science","https://doi.org/10.12681/mms.18862","https://doi.org/10.12681/mms.18862","multiple North African","not stated","marine","not stated","W2969783162","B_regional_corroborated",""
170,"Oukkache, N. et al.","Naoual Oukkache; Eljaoudi Rachid; Sébastien Larréché; Salma Chakir; q Fouad Chafi; Abdelaziz Hmyene; Mion Georges",2019,"Snake bites in morocco: Progress and challenges","Advances in Toxicology and Toxic Effects","https://doi.org/10.17352/atte.000004","https://doi.org/10.17352/atte.000004","multiple North African","attacks on humans","terrestrial","snake","W2992131427","B_regional_corroborated",""
171,"Azzurro, E. et al.","Ernesto Azzurro; Valerio Sbragaglia; Jacopo Cerri; Michel Bariche; Luca Bolognini; Jamila Ben Souissi; Giulio Busoni; Salvatore Coco; Chryssanthi Antoniadou; Joaquim Garrabou; Fabrizio Gianni; Fabio Grati; Jerina Kolitari; Letterio Guglielmo; Lovrence Lipej; Carlotta Mazzoldi; Nicoletta Milone; Federica Pannacciulli; Ana Pešić; Yianna Samuel-Rhoads; Luca Saponari; Jovana Tomanić; Nur Eda Topçu; Giovanni Vargiu; Paula Moschella CIESM",2019,"The shifting distribution of Mediterranean fishes: a spatio-temporal assessment based on Local Ecological Knowledge.","Zenodo (CERN European Organization for Nuclear Research)","https://doi.org/10.5281/zenodo.3142266","https://doi.org/10.5281/zenodo.3142266","multiple North African","not stated","marine","not stated","W4288349131","C_asserted_no_evidence",""
172,"Kyne, P. M. et al.","Peter M. Kyne; Rima W. Jabado; Cassandra L. Rigby; Dharmadi; Mauvis Gore; Caroline M. Pollock; Katelyn B. Herman; Jessica Cheok; David A. Ebert; Colin A. Simpfendorfer; Nicholas K. Dulvy",2019,"The thin edge of the wedge: extremely high extinction risk in wedgefishes and giant guitarfishes","bioRxiv (Cold Spring Harbor Laboratory)","https://doi.org/10.1101/595462","https://doi.org/10.1101/595462","multiple North African","bycatch","marine",,"W2931379993","C_asserted_no_evidence",""
173,"Adams, K. R.","Kye R. Adams",2019,"Understanding and reducing the impact of fishing on discarded sharks and rays with innovative new tools for conservation and research","Research Online (University of Wollongong)",,"https://openalex.org/W3093465490","multiple North African","bycatch","marine","sharks and rays","W3093465490","C_asserted_no_evidence",""
174,"Degaga, A.","Abera Degaga",2019,"Water Hyacinth (Eichhornia crassipes) Biology and Its Impacts on Ecosystem, Biodiversity, Economy and Human Well-being",,"https://doi.org/10.7176/jnsr/9-12-04","https://doi.org/10.7176/jnsr/9-12-04","multiple North African","not stated","not stated","Water Hyacinth","W2954627580","B_regional_corroborated",""
175,"Archer, E. et al.","Emma Archer; Luthando Dziba; K. Mulongoy; Malebajoa Anicia Maoela; Michéle Walters; Reinette Biggs; Marie-Christine Cormier-Salem; F. DeClerck; Mariteuw Chimère Diaw; Amy E. Dunham; Pierre Failler; Christopher Gordon; Khaled Harhash; Robert Kasisi; Fred Kizito; Wanja Dorothy Nyingi; Nicholas Oguge; Balgis Osman-Elasha; Lindsay C. Stringer; Luis Tito de Morais; A.E. Assogbadjo; Benis N. Egoh; Marwa Waseem A. Halmy; Katja Heubach; Adelina Mensah; Laura Pereira; Nadia Sitas",2018,"","City Research Online (City University London)",,"https://openalex.org/W2919734443","multiple North African","not stated","both","not stated","W2919734443","C_asserted_no_evidence",""
176,"Issa, M. & El-Bakhshawngi, M.","M. Issa; M. El-Bakhshawngi",2018,"AN ESTIMATION OF BIRD DAMAGES ON SOME FIELD, VEGETABLE AND FRUIT CROPS AT SHARKIA GOVERNORATE, EGYPT","Zagazig Journal of Agricultural Research","https://doi.org/10.21608/zjar.2018.48571","https://doi.org/10.21608/zjar.2018.48571","Egypt","crop damage","terrestrial","hooded crow, house sparrow","W2976496276","A_named_country_corroborated",""
177,"m., i. m. E. m., n., k. a. t., h., h. k. n. & r.., e. h.","idhalla m. El mdari m.; kaddioui a. tamsouri n.; hilmi k. nhalla h.; el hamoumi r..",2018,"Analysis Of Fish Community At The First Artificial Reef In Morocco (Martil, Mediterranean).","Zenodo (CERN European Organization for Nuclear Research)","https://doi.org/10.5281/zenodo.1466431","https://doi.org/10.5281/zenodo.1466431","Morocco","not stated","marine","not stated","W4289548230","A_named_country_corroborated",""
178,"Tauler‐Ametller, H., Hernández‐Matías, A., Parés, F., Pretus, J. L. & Real, J.","Helena Tauler‐Ametller; Antonio Hernández‐Matías; Francesc Parés; Joan Lluís Pretus; Joan Real",2018,"Assessing the applicability of stable isotope analysis to determine the contribution of landfills to vultures’ diet","PLoS ONE","https://doi.org/10.1371/journal.pone.0196044","https://doi.org/10.1371/journal.pone.0196044","multiple North African","not stated","terrestrial","Egyptian Vulture","W2801429878","B_regional_corroborated",""
179,"Waters, S., Watson, T., Bell, S. & Setchell, J. M.","Siân Waters; Tamlin Watson; Sandra Bell; Joanna M. Setchell",2018,"Communicating for conservation: circumventing conflict with communities over domestic dog ownership in north Morocco","European Journal of Wildlife Research","https://doi.org/10.1007/s10344-018-1230-x","https://doi.org/10.1007/s10344-018-1230-x","Morocco","livestock depredation","terrestrial","Barbary macaque","W2899931711","A_named_country_corroborated",""
180,"Monti, F. et al.","Flavio Monti; Olivier Duriez; Jean-Marie Dominici; Andrea Sforzi; Aloïs Robert; David Grémillet",2018,"Conserving wildlife facing mass‐tourism calls for effective management","Animal Conservation","https://doi.org/10.1111/acv.12474","https://doi.org/10.1111/acv.12474","multiple North African","other","marine","Osprey","W2905336371","B_regional_corroborated",""
181,"Biggs, R. et al.","Reinette Biggs; Frank Kizito; Kossi Adjonou; Mukhtiar Ahmed; Ryan Blanchard; Kaera Coetzer; Collins Handa; Chris Dickens; Maike Hamann; Patrick O’Farrell; Klaus Kellner; Belinda Reyers; Frank Matose; Kassim Omar; J-F. Sonkoue; Taita Terer; Maarten P. M. Vanhove; Nadia Sitas; Brent Abrahams; Tanya Lazarova; Lucas Melchiori Pereira",2018,"Current and future interactions between nature and society","City Research Online (City University London)",,"https://openalex.org/W2943862379","multiple North African",,,"not stated","W2943862379","C_asserted_no_evidence",""
182,"AHMED, H. A., Issa, M. & EISA, Y. A.","HANI A AHMED; M. Issa; YONES A. EISA",2018,"DETERMINATION OF HOODED CROW (CORVUS CORONE L.) POPULATION AND METHODS OF CONTROL IN SHEEP FARM AT RAS SEDR, SOUTH SINAI, EGYPT","Egyptian Journal of Agricultural Research","https://doi.org/10.21608/ejar.2018.142667","https://doi.org/10.21608/ejar.2018.142667","multiple North African",,"terrestrial","hooded crow","W3121622394","B_regional_corroborated",""
183,"Piwetz, S.","Sarah Piwetz",2018,"Effects of Human Activities on Coastal Dolphin Behavior","OakTrust (Texas A&M University Libraries)",,"https://openalex.org/W2908417904","multiple North African",,"marine","common bottlenose dolphins","W2908417904","C_asserted_no_evidence",""
184,"Hattimy, F. E. et al.","Faiçal El Hattimy; Fouad Chafiq; H. Hami; A. Mokhtari; Abdelmajid Soulaymani; Soulaymani Bencheikh Rachida",2018,"Geographical distribution of health indicators related to snake bites and envenomation in Morocco between 1999 and 2013","Epidemiology and Health","https://doi.org/10.4178/epih.e2018024","https://doi.org/10.4178/epih.e2018024","Morocco","disease transmission",,"snake","W2808697371","A_named_country_corroborated",""
185,"Znari, M.","Mohammed Znari",2018,"Home Range and Habitat Use of Crop-Raiding Barbary Macaques in the Upper Ourika Valley, Western High Atlas Mountains, Morocco","International Journal of Avian & Wildlife Biology","https://doi.org/10.15406/ijawb.2018.03.00049","https://doi.org/10.15406/ijawb.2018.03.00049","multiple North African","not stated","terrestrial","macaques","W2785533475","B_regional_corroborated",""
186,"[Authors not resolved in OpenAlex]",,2018,"Important areas at sea for adult loggerhead sea turtles in the Mediterranean Sea: satellite tracking corroborates findings from potentially biased sources","RERO DOC Digital Library",,"14327335","multiple North African","not stated","marine","turtles","14327335","B_regional_corroborated",""
187,"Caspari, R.","Rachel Caspari",2018,"Race, then and now: 1918 revisited","American Journal of Physical Anthropology","https://doi.org/10.1002/ajpa.23417","https://doi.org/10.1002/ajpa.23417","multiple North African","not stated","not stated","not stated","W2796022831","C_asserted_no_evidence",""
188,"Hamed, E. M. & Ahmed, H.","Eman Mohallal Hamed; Hany Ahmed",2018,"SURVEYS OF WILD VERTEBRATES IN THE KHARGA AND DAKHLA OASIS AND THEIR IMPACT ON THE NEW RECLAMATION AREAS IN EGYPT","Egyptian Journal of Desert Research","https://doi.org/10.21608/ejdr.2019.12939.1028","https://doi.org/10.21608/ejdr.2019.12939.1028","multiple North African","competition for resources","terrestrial",,"W2981571986","B_regional_corroborated",""
189,"Chakuya, J.","Jeremiah Chakuya",2018,"The Human Crocodile Conflicts and the Sustainable Conflict Resolutions Review","International Journal of Environmental Sciences & Natural Resources","https://doi.org/10.19080/ijesnr.2018.13.555856","https://doi.org/10.19080/ijesnr.2018.13.555856","multiple North African","attacks on humans","not stated","Nile crocodile","W3039198569","B_regional_corroborated",""
190,"[Authors not resolved in OpenAlex]",,2018,"Vulnerability of elasmobranchs as longline bycatch in the gulf of Gabes (Southern Tunisia, central Mediterranean sea).","AquaDocs",,"304099714","multiple North African","bycatch","marine","blackchin guitarfish, hound sharks, sandbar shark","304099714","B_regional_corroborated",""
191,"Darkaoui, S. et al.","Sami Darkaoui; Florence Cliquet; Marine Wasniewski; Emmanuelle Robardet; Nadia Aboulfidaa; Mohammed Bouslikhane; Ouafaa Fassi-Fihri",2017,"A Century Spent Combating Rabies in Morocco (1911–2015): How Much Longer?","Frontiers in Veterinary Science","https://doi.org/10.3389/fvets.2017.00078","https://doi.org/10.3389/fvets.2017.00078","Morocco","disease transmission","terrestrial","dog","W2620939781","A_named_country_corroborated",""
192,"Hawkins, E. R. et al.","Elizabeth R. Hawkins; Robert Harcourt; Lars Bejder; Lyndon Brooks; Alana Grech; Fredrik Christiansen; Helene Marsh; Peter L. Harrison",2017,"Best Practice Framework and Principles for Monitoring the Effect of Coastal Development on Marine Mammals","Frontiers in Marine Science","https://doi.org/10.3389/fmars.2017.00059","https://doi.org/10.3389/fmars.2017.00059","multiple North African","not stated","marine","not stated","W2594633798","C_asserted_no_evidence",""
193,"[Authors not resolved in OpenAlex]",,2017,"Distribution, abundance and population structure of Hexaplex trunculus and Bolinus brandaris (Gastropoda: Muricidae) in offshore areas of the Gulf of Gabès, southern Tunisia","AJOL - African Journals Online",,"138701980","Tunisia","bycatch","marine","banded murex, purple dye murex","138701980","A_named_country_corroborated",""
194,"Lamine, E. B.","Emna Ben Lamine",2017,"Fish and fishing monitoring methods and indicators in Marine Protected Areas in Tunisia",,,"https://openalex.org/W2788326307","Tunisia","competition for resources","marine","not stated","W2788326307","A_named_country_corroborated",""
195,"Khelifa, R. et al.","Rassim Khelifa; Rabah Zebsa; Hichem Amari; Mohammed Khalil Mellal; Soufyane Bensouilah; Abdeldjalil Laouar; Hayat Mahdjoub",2017,"Unravelling the drastic range retraction of an emblematic songbird of North Africa: potential threats to Afro-Palearctic migratory birds","Scientific Reports","https://doi.org/10.1038/s41598-017-01103-w","https://doi.org/10.1038/s41598-017-01103-w","multiple North African",,"terrestrial",,"W2605447613","B_regional_corroborated",""
196,"Pooley, S.","Simon Pooley",2016,"A Cultural Herpetology of Nile Crocodiles in Africa","Conservation and Society","https://doi.org/10.4103/0972-4923.197609","https://doi.org/10.4103/0972-4923.197609","multiple North African","not stated","both","Nile crocodile","W2568954900","B_regional_corroborated",""
197,"Setchell, J. M., Fairet, E., Shutt, K., Waters, S. & Bell, S.","Joanna M. Setchell; Emilie Fairet; Kathryn Shutt; Siân Waters; Sandra Bell",2016,"Biosocial Conservation: Integrating Biological and Ethnographic Methods to Study Human–Primate Interactions","International Journal of Primatology","https://doi.org/10.1007/s10764-016-9938-5","https://doi.org/10.1007/s10764-016-9938-5","multiple North African","competition for resources","terrestrial","gorilla","W2562670914","B_regional_corroborated",""
198,"Fumagalli, M.","Maddalena Fumagalli",2016,"Conservation of the spinner dolphin in the Egyptian Red Sea","Otago University Research Archive (University of Otago)","https://doi.org/10.13140/rg.2.2.28830.15685","https://doi.org/10.13140/rg.2.2.28830.15685","Egypt","not stated","marine","spinner dolphin","W2528835440","A_named_country_corroborated",""
199,"Saïdi, B., Enajjar, S. & Bradaï, M. N.","Béchir Saïdi; Samira Enajjar; Mohamed Nejmeddine Bradaï",2016,"Elasmobranch captures in shrimps trammel net fishery off the Gulf of Gabès (Southern Tunisia, Mediterranean Sea)","Journal of Applied Ichthyology","https://doi.org/10.1111/jai.13061","https://doi.org/10.1111/jai.13061","multiple North African","bycatch","marine","Mustelus mustelus, Mustelus punctulatus, Dasyatis pastinaca, Dasyatis marmorata, Torpedo torpedo, Carcharhinus plumbeus, Carcharhinus brevipinna","W2334098974","B_regional_corroborated",""
200,"Lucchetti, A., Punzo, E. & Virgili, M.","Alessandro Lucchetti; Elisa Punzo; Massimo Virgili",2016,"Flexible Turtle Excluder Device (TED): an effective tool for Mediterranean coastal multispecies bottom trawl fisheries","Aquatic Living Resources","https://doi.org/10.1051/alr/2016016","https://doi.org/10.1051/alr/2016016","multiple North African","bycatch","marine","turtle","W2411907806","C_asserted_no_evidence",""
201,"Nada, A. A., Hassabo, A., Mohamed, A. L., Mounier, M. M. & Zeid, N.","Ahmed A. Nada; Ahmed Hassabo; Amina L. Mohamed; Marwa M. Mounier; Nabil Zeid",2016,"Liposomal Microencapsulation of Rodent-repelling Agents onto Jute Burlaps: Assessment of Cytotoxicity and Rat Behavioral Test","Journal of Applied Pharmaceutical Science","https://doi.org/10.7324/japs.2016.60822","https://doi.org/10.7324/japs.2016.60822","Egypt","not stated","not stated","not stated","W2513225841","A_named_country_corroborated",""
202,"Brochet, A. et al.","Anne‐Laure Brochet; W. van den Bossche; Sharif Al Jbour; Paul K. Ndang’ang’a; Victoria R. Jones; Wed Abdou; ABDEL RAZZAQ AL- HMOUD; Nabegh Ghazal Asswad; Juan Carlos Atienza; IMAD ATRASH; Nicholas Barbara; Keith J. Bensusan; Taulant Bino; Claudio Celada; Sidi Imad Cherkaoui; J. PEDRO DUARTE BARROS DA COSTA; Bernard Deceuninck; Khaled Etayeb; Claudia Feltrup‐Azafzaf; Jernej Figelj; Marco Gustin; Primož Kmecl; VLADO KOCEVSKI; MALAMO KORBETI; Dražen Kotrošan; Juan Mula Laguna; Matteo Lattuada; Domingos Leitão; Paula Lopes; NICOLÁS LÓPEZ-JIMÉNEZ; Vedran Lucić; Thierry Micol; Aïssa Moali; Yoav Perlman; Nicola Piludu; Danae Portolou; Ksenija Putilin; Gwenaël Quaintenne; Ghassan Ramadan-Jaradi; Milan Ružić; Anna Sandor; NERMINA SARAJLI; Darko Saveljić; Robert Sheldon; Tassos Shialis; Nikos Tsiopelas; F. Hernan Vargas; Claire Thompson; Ariel Brunner; Richard F. Grimmett; Stuart H. M. Butchart",2016,"Preliminary assessment of the scope and scale of illegal killing and taking of birds in the Mediterranean","Bird Conservation International","https://doi.org/10.1017/s0959270915000416","https://doi.org/10.1017/s0959270915000416","multiple North African","not stated","not stated","not stated","W2289557866","B_regional_corroborated",""
203,"[Authors not resolved in OpenAlex]",,2016,"Shelf life: Neritic habitat use of a turtle population highly threatened by fisheries","Open Research Exeter - University of Exeter",,"310900409","multiple North African","bycatch","marine","loggerhead turtles","310900409","B_regional_corroborated",""
204,"Snape, R. et al.","Robin Snape; Annette C. Broderick; Burak Ali Çi̇çek; Wayne J. Fuller; Fiona Glen; Kimberley L. Stokes; Brendan J. Godley",2016,"Shelf life: neritic habitat use of a turtle population highly threatened by fisheries","Diversity and Distributions","https://doi.org/10.1111/ddi.12440","https://doi.org/10.1111/ddi.12440","multiple North African","bycatch","marine","loggerhead turtles","W2316595866","B_regional_corroborated",""
205,"Chafiq, F. et al.","Fouad Chafiq; Faiçal El Hattimy; Naïma Rhalem; Jean‐Philippe Chippaux; Abdelmajid Soulaymani; A. Mokhtari; Rachida Soulaymani Bencheikh",2016,"Snakebites notified to the poison control center of Morocco between 2009 and 2013","The Journal of venomous animals and toxins including tropical diseases","https://doi.org/10.1186/s40409-016-0065-8","https://doi.org/10.1186/s40409-016-0065-8","Morocco",,"not stated","not stated","W2301751969","A_named_country_corroborated",""
206,"Guyton, J. A. & Brook, C. E.","Jennifer A. Guyton; Cara E. Brook",2015,"African Bats: Conservation in the time of Ebola","Therya","https://doi.org/10.12933/therya-15-244","https://doi.org/10.12933/therya-15-244","multiple North African","disease transmission","terrestrial","not stated","W2131901272","B_regional_corroborated",""
207,"Ogada, D. et al.","Darcy Ogada; Phil Shaw; René Beyers; Ralph Buij; Campbell Murn; Jean Marc Thiollay; Colin M. Beale; Ricardo M. Holdø; Derek Pomeroy; Neil Baker; Sonja Krüger; André Botha; Munir Z. Virani; Ara Monadjem; A. R. E. Sinclair",2015,"Another Continental Vulture Crisis: Africa's Vultures Collapsing toward Extinction","Conservation Letters","https://doi.org/10.1111/conl.12182","https://doi.org/10.1111/conl.12182","multiple North African","persecution or retaliatory killing","terrestrial",,"W2144503057","C_asserted_no_evidence",""
208,"Casale, P. & Heppell, S.","Paolo Casale; SS Heppell",2015,"How much sea turtle bycatch is too much? A stationary age distribution model for simulating population abundance and potential biological removal in the Mediterranean","Endangered Species Research","https://doi.org/10.3354/esr00714","https://doi.org/10.3354/esr00714","multiple North African","bycatch","marine",,"W2338260637","B_regional_corroborated",""
209,"Eason, P. K., Rabia, B. & Attum, O.","Perri K. Eason; Basem Rabia; Omar Attum",2015,"Hunting of migratory birds in North Sinai, Egypt","Bird Conservation International","https://doi.org/10.1017/s0959270915000180","https://doi.org/10.1017/s0959270915000180","Egypt","not stated","both","quail","W2290921243","A_named_country_corroborated",""
210,"Maibeche, Y., Moali, A., Yahi, N. & Ménard, N.","Yasmina Maibeche; Aïssa Moali; Nassima Yahi; Nelly Ménard",2015,"Is Diet Flexibility an Adaptive Life Trait for Relictual and Peri-Urban Populations of the Endangered Primate Macaca sylvanus?","PLoS ONE","https://doi.org/10.1371/journal.pone.0118596","https://doi.org/10.1371/journal.pone.0118596","multiple North African","other","both","macaque","W1998876562","B_regional_corroborated",""
211,"[Authors not resolved in OpenAlex]",,2015,"Migratory corridors and foraging hotspots: Critical habitats identified for Mediterranean green turtles","Open Research Exeter - University of Exeter",,"312874712","multiple North African","bycatch","marine","green turtle","312874712","B_regional_corroborated",""
212,"Stokes, K. L. et al.","Kimberley L. Stokes; Annette C. Broderick; Ali Fuat Canbolat; Onur Candan; Wayne J. Fuller; Fiona Glen; Yaniv Levy; Alan F. Rees; Gil Rilov; Robin Snape; Iain Stott; Dan Tchernov; Brendan J. Godley",2015,"Migratory corridors and foraging hotspots: critical habitats identified for Mediterranean green turtles","Diversity and Distributions","https://doi.org/10.1111/ddi.12317","https://doi.org/10.1111/ddi.12317","multiple North African","bycatch","marine","green turtle","W2016312766","B_regional_corroborated",""
213,"Alami, A. E. & Chait, A.","Abderrazak El Alami; Abderrahman Chait",2015,"Roles of tourism in the local people’s opinion regarding human-macaque conflict in the central High Atlas, Morocco","Revue de primatologie","https://doi.org/10.4000/primatologie.2324","https://doi.org/10.4000/primatologie.2324","multiple North African","competition for resources","terrestrial","Barbary macaque","W2201706815","B_regional_corroborated",""
214,"Nelms, S. E., Piniak, W. E. D., Weir, C. R. & Godley, B. J.","Sarah E. Nelms; Wendy E. D. Piniak; Caroline R. Weir; Brendan J. Godley",2015,"Seismic surveys and marine turtles: An underestimated global threat?","Biological Conservation","https://doi.org/10.1016/j.biocon.2015.10.020","https://doi.org/10.1016/j.biocon.2015.10.020","multiple North African","other","marine","marine turtles","W2185312405","C_asserted_no_evidence",""
215,"Amezian, M. et al.","Mohamed Amezian; Ali Irizi; Errati Abdallah; Loran Hicham; Khamlichi, Rachid El; Virginia Morandini; González, Diego García; Garrido, Jose Rafael",2015,"Spanish Imperial Eagles and other eagles found electrocuted in Morocco and proposition of correction measures","INDIGO (University of Illinois at Chicago)","https://doi.org/10.6084/m9.figshare.1613292.v2","https://doi.org/10.6084/m9.figshare.1613292.v2","multiple North African","other","terrestrial","Spanish Imperial Eagles, Bonelli’s Eagles, Golden Eagle","W2206652945","B_regional_corroborated",""
216,"Aziz, S. A., Olival, K. J., Bumrungsri, S., Richards, G. C. & Racey, P. A.","Sheema Abdul Aziz; Kevin J. Olival; Sara Bumrungsri; Greg C. Richards; Paul A. Racey",2015,"The Conflict Between Pteropodid Bats and Fruit Growers: Species, Legislation and Mitigation",,"https://doi.org/10.1007/978-3-319-25220-9_13","https://doi.org/10.1007/978-3-319-25220-9_13","multiple North African","not stated","not stated","not stated","W2193249342","C_asserted_no_evidence",""
217,"Norfolk, O.","Olivia Norfolk",2015,"The impact of Bedouin agricultural gardens on biodiversity in South Sinai, Egypt","Nottingham ePrints (University of Nottingham)",,"https://openalex.org/W2341723205","Egypt","not stated","terrestrial","almond","W2341723205","A_named_country_corroborated",""
218,"[Authors not resolved in OpenAlex]",,2015,"Trawling and creeling for nephrops: impacts on biodiversity and populations structure","Universidade do Algarve; Sapientia (Univ. do Algarve)",,"9052239","multiple North African","not stated","marine","Norway Lobster","9052239","B_regional_corroborated",""
219,"Casale, P. et al.","Paolo Casale; Daniela Freggi; Giovanni Furii; Carola Vallini; Pasquale Salvemini; M. Deflorio; Giovanni Totaro; Stefano Raimondi; Caterina Maria Fortuna; Brendan J. Godley",2014,"Annual survival probabilities of juvenile loggerhead sea turtles indicate high anthropogenic impact on Mediterranean populations","Aquatic Conservation Marine and Freshwater Ecosystems","https://doi.org/10.1002/aqc.2467","https://doi.org/10.1002/aqc.2467","multiple North African","bycatch","marine","loggerhead sea turtle","W1757226906","B_regional_corroborated",""
220,"Waters, S.","Siân Waters",2014,"Including People in Primate Conservation: A Case Study of Shepherds and Barbary Macaques in Bouhachem forest, Northern Morocco","Durham e-Theses (Durham University)",,"https://openalex.org/W280442085","Morocco","not stated","terrestrial","Barbary macaques","W280442085","A_named_country_corroborated",""
221,"Bazazo, K. & Mashaal, R.","Kamal Bazazo; Rania Mashaal",2014,"PESTS ATTACKING POST-HARVEST SUGAR BEET ROOTS, AND THEIR ADVERSE EFFECTS ON SUGAR CONTENT","Journal of Plant Protection and Pathology /Journal of Plant Protection and Pathology","https://doi.org/10.21608/jppp.2014.87978","https://doi.org/10.21608/jppp.2014.87978","multiple North African","crop damage","terrestrial","sugar beet","W3024115241","C_asserted_no_evidence",""
222,"Attum, A. A. O.","Ameer Abdulla Omar Attum",2013,"Do Marine Protected Areas in the Red Sea Afford Protection to Dugongs and Sea Turtles?","Journal of Biodiversity & Endangered Species","https://doi.org/10.4172/2332-2543.1000102","https://doi.org/10.4172/2332-2543.1000102","multiple North African","bycatch","both","dugong, sea turtles, green turtles, hawksbill turtles","W2155616904","B_regional_corroborated",""
223,"Rees, A. F.","Alan F. Rees",2013,"Ecology of marine turtles across the eastern Mediterranean and the Middle East","Open Research Exeter (University of Exeter)",,"https://openalex.org/W142839631","multiple North African",,"marine","marine turtle","W142839631","B_regional_corroborated",""
224,"Echwikhi, K., Saïdi, B. & Bradaï, M. N.","Khaled Echwikhi; Béchir Saïdi; Mohamed Nejmeddine Bradaï",2013,"Elasmobranchs longline fisheries in the Gulf of Gabès (southern Tunisia)","Journal of the Marine Biological Association of the United Kingdom","https://doi.org/10.1017/s0025315413000726","https://doi.org/10.1017/s0025315413000726","Tunisia","not stated","marine","sandbar shark","W2157223050","A_named_country_corroborated",""
225,"Black, S. A., Fellous, A., Yamaguchi, N. & Roberts, D. L.","Simon A. Black; Amina Fellous; Nobuyuki Yamaguchi; David L. Roberts",2013,"Examining the Extinction of the Barbary Lion and Its Implications for Felid Conservation","PLoS ONE","https://doi.org/10.1371/journal.pone.0060174","https://doi.org/10.1371/journal.pone.0060174","multiple North African","not stated","terrestrial","Barbary lion","W2088965171","B_regional_corroborated",""
226,"Durant, S. M. et al.","Sarah M. Durant; Tim Wacher; S. Bashir; Roșie Woodroffe; Paul De Ornellas; C. Ransom; Jesse R. Newby; Teresa Abáigar; Mohanad Abdelgadir; Husam El Alqamy; Jonathan Baillie; M. Beddiaf; Farid Belbachir; Amel Belbachir-Bazi; Ali Berbash; N. E. Bemadjim; Roseline Beudels-Jamar; Luigi Boitani; Christine Breitenmoser‐Würsten; Manuel Cano; Philippe Chardonnet; Ben Collen; William A. Cornforth; Fabrice Cuzin; Peter Gerngross; B. Haddane; M. Hadjeloum; Andrew P. Jacobson; A. Jebali; François Lamarque; David Mallon; Karen Minkowski; Steven L. Monfort; B. Ndoassal; B. Niagate; Gianetta Purchase; S. Samaïla; Abdoulkarim Samna; Claudio Sillero‐Zubiri; Alaaeldin Soultan; Mark R. Stanley Price; Nathalie Pettorelli",2013,"Fiddling in biodiversity hotspots while deserts burn? Collapse of the Sahara's megafauna","Diversity and Distributions","https://doi.org/10.1111/ddi.12157","https://doi.org/10.1111/ddi.12157","multiple North African","not stated","terrestrial","scimitar-horned oryx","W1972887459","C_asserted_no_evidence",""
227,"Peddicord, A. B.","Annie Boek Peddicord",2013,"Fighting Over Fish: How Climate Change Could Influence Violent Conflict","ResearchWorks at the University of Washington (University of Washington)",,"https://openalex.org/W2600438549","multiple North African","not stated","marine","fish","W2600438549","C_asserted_no_evidence",""
228,"Quevedo, I. Á. d., Félix, M. S. & Cardona, L.","Irene Álvarez de Quevedo; M. San Félix; Luís Cardona",2013,"Mortality rates in by-caught loggerhead turtle Caretta caretta in the Mediterranean Sea and implications for the Atlantic populations","Marine Ecology Progress Series","https://doi.org/10.3354/meps10411","https://doi.org/10.3354/meps10411","multiple North African","bycatch","marine","loggerhead turtle","W2020587463","C_asserted_no_evidence",""
229,"Schlacher, T. A., Weston, M. A., Lynn, D. & Connolly, R. M.","Thomas A. Schlacher; Michael A. Weston; David Lynn; Rod M. Connolly",2013,"Setback Distances as a Conservation Tool in Wildlife-Human Interactions: Testing Their Efficacy for Birds Affected by Vehicles on Open-Coast Sandy Beaches","PLoS ONE","https://doi.org/10.1371/journal.pone.0071200","https://doi.org/10.1371/journal.pone.0071200","multiple North African","other","both","not stated","W2134692257","C_asserted_no_evidence",""
230,"Sallam, W. S.","Wafaa S. Sallam",2013,"THE ENCRUSTATION OF THE SPIDER CRAB HYASTENUS HILGENDORFI IN RELATION TO ITS REPRODUCTIVE BIOLOGY IN THE SUEZ CANAL, EGYPT","Delta Journal of Science","https://doi.org/10.21608/djs.2013.139625","https://doi.org/10.21608/djs.2013.139625","Egypt","bycatch","marine","spider crab","W3119471733","A_named_country_corroborated",""
231,"Sallam, A. & El-Wakeil, N.","Ahmed Sallam; Nabil El-Wakeil",2012,"Biological and Ecological Studies on Land Snails and Their Control","InTech eBooks","https://doi.org/10.5772/29701","https://doi.org/10.5772/29701","multiple North African","not stated","terrestrial",,"W1503887661","B_regional_corroborated",""
232,"Kerstetter, D. W. & Moore, T.","David W. Kerstetter; Travis Moore",2012,"Evaluating the Potential of Swordfish Buoy Gear as an Alternative to Pelagic Driftnets in the Artisanal Fisheries of Morocco and Turkey","NSUWorks (Nova Southeastern University)",,"https://openalex.org/W930013270","multiple North African","bycatch","marine","swordfish","W930013270","B_regional_corroborated",""
233,"Hanane, S., Besnard, A. & Aafi, A.","Saâd Hanane; Aurélien Besnard; Abderrahman Aafi",2012,"Factors affecting reproduction of WoodpigeonsColumba palumbusin North African forests: 1. Nest habitat selection","Bird Study","https://doi.org/10.1080/00063657.2012.724050","https://doi.org/10.1080/00063657.2012.724050","multiple North African","not stated","terrestrial","Woodpigeon","W1965440783","B_regional_corroborated",""
234,"Echwikhi, K., Jribi, I., Bradaï, M. N. & Bouaïn, A.","Khaled Echwikhi; Imed Jribi; Mohamed Nejmeddine Bradaï; Abderrahmen Bouaïn",2011,"Interactions of loggerhead turtle with bottom longline fishery in the Gulf of Gabès, Tunisia","Journal of the Marine Biological Association of the United Kingdom","https://doi.org/10.1017/s0025315411000312","https://doi.org/10.1017/s0025315411000312","multiple North African","bycatch","marine","loggerhead turtle","W2022452219","B_regional_corroborated",""
235,"Nada, M. & Casale, P.","Mohamed Nada; Paolo Casale",2011,"Sea turtle bycatch and consumption in Egypt threatens Mediterranean turtle populations","Oryx","https://doi.org/10.1017/s0030605310001286","https://doi.org/10.1017/s0030605310001286","Egypt","bycatch","marine",,"W2105633026","A_named_country_corroborated",""
236,"Echwikhi, K., Jribi, I., Bradaï, M. N. & Bouaïn, A.","Khaled Echwikhi; Imed Jribi; Mohamed Nejmeddine Bradaï; Abderrahmen Bouaïn",2010,"05. Gillnet fishery – loggerhead turtle interactions in the Gulf of Gabes, Tunisia","Herpetological Journal",,"https://openalex.org/W2479764566","Tunisia","bycatch","marine","loggerhead sea turtles","W2479764566","A_named_country_corroborated",""
237,"Morissette, L., Kaschner, K. & Gerber, L. R.","Lyne Morissette; Kristin Kaschner; Leah R. Gerber",2010,"Ecosystem models clarify the trophic role of whales off Northwest Africa","Marine Ecology Progress Series","https://doi.org/10.3354/meps08443","https://doi.org/10.3354/meps08443","multiple North African","competition for resources","marine",,"W2159155195","C_asserted_no_evidence",""
238,"Echwikhi, K., Jribi, I., Bradaï, M. N. & Bouaïn, A.","Khaled Echwikhi; Imed Jribi; Mohamed Nejmeddine Bradaï; Abderrahmen Bouaïn",2010,"Effect of type of bait on pelagic longline fishery–loggerhead turtle interactions in the Gulf of Gabes (Tunisia)","Aquatic Conservation Marine and Freshwater Ecosystems","https://doi.org/10.1002/aqc.1120","https://doi.org/10.1002/aqc.1120","Tunisia","bycatch","marine","loggerhead sea turtles","W2018069372","A_named_country_corroborated",""
239,"Sumaila, U. R. & Huang, L.","U. Rashid Sumaila; Ling Huang",2010,"Managing Bluefin Tuna in the Mediterranean Sea","RePEc: Research Papers in Economics",,"https://openalex.org/W3124911220","multiple North African","not stated","marine","Atlantic Bluefin Tuna","W3124911220","C_asserted_no_evidence",""
240,"Marshall, N., Marshall, P., Abdulla, A. & Rouphael, T.","Nadine Marshall; Paul Marshall; Ameer Abdulla; Tony Rouphael",2010,"The Links Between Resource Dependency and Attitude of Commercial Fishers to Coral Reef Conservation in the Red Sea","AMBIO","https://doi.org/10.1007/s13280-010-0065-9","https://doi.org/10.1007/s13280-010-0065-9","multiple North African","not stated",,"not stated","W2132561879","B_regional_corroborated",""
241,"Boudjadja, A., Kaddour, B. H. & Pauc, H.","Abdelaziz Boudjadja; Boumediène Hadj Kaddour; Henri Pauc",2010,"Valorisation des eaux de surface de la réserve de Mergueb (M’sila, Algérie) au profit de la faune sauvage protégée dont la Gazelle de Cuvier, espèce emblématique de la région","Revue d Écologie (La Terre et La Vie)","https://doi.org/10.3406/revec.2010.1529","https://doi.org/10.3406/revec.2010.1529","Algeria","not stated","terrestrial","Cuvier’s Gazelle","W2299960256","A_named_country_corroborated",""
242,"Chakraborty, R.","Rina Chakraborty",2010,"Vultures are Again in the City Sky","Records of the Zoological Survey of India","https://doi.org/10.26515/rzsi/v110/i1/2010/158969","https://doi.org/10.26515/rzsi/v110/i1/2010/158969","multiple North African",,,,"W2341829960","C_asserted_no_evidence",""
243,"Igual, J. M., Tavecchia, G., Jenouvrier, S., Forero, M. G. & Oró, D.","José Manuel Igual; Giacomo Tavecchia; Stéphanie Jenouvrier; Manuela G. Forero; Daniel Oró",2009,"Buying Years to Extinction: Is Compensatory Mitigation for Marine Bycatch a Sufficient Conservation Measure for Long-Lived Seabirds?","PLoS ONE","https://doi.org/10.1371/journal.pone.0004826","https://doi.org/10.1371/journal.pone.0004826","multiple North African","not stated","both","rat, Cory's shearwater","W2161217137","C_asserted_no_evidence",""
244,"Morissette, L., Melgo, J. L., Kaschner, K. & Gerber, L.","Lyne Morissette; Jenny Lynn Melgo; Kristin Kaschner; Leah Gerber",2009,"Fisheries Centre research reports. Volume 17, number 2","cIRcle (University of British Columbia)",,"https://openalex.org/W7139462097","multiple North African",,"marine","whales","W7139462097","C_asserted_no_evidence",""
245,"Bowden, C. G. R. et al.","Christopher G. R. Bowden; Ken W. Smith; Mohammed El Bekkay; Widade Oubrou; Ali Aghnaj; Maria Jimenez-Armesto",2008,"Contribution of research to conservation action for the Northern Bald Ibis Geronticus eremita in Morocco","Bird Conservation International","https://doi.org/10.1017/s0959270908000403","https://doi.org/10.1017/s0959270908000403","multiple North African","not stated","terrestrial","Northern Bald Ibis","W2105413109","B_regional_corroborated",""
246,"Jribi, I., Echwikhi, K., Bradaï, M. N. & Bouain, A.","Imed Jribi; Khaled Echwikhi; Mohamed Nejmeddine Bradaï; Abderrhmen Bouain",2008,"Incidental capture of sea turtles by longlines in the Gulf of Gabès (South Tunisia): A comparative study between bottom and surface longlines","Scientia Marina","https://doi.org/10.3989/scimar.2008.72n2337","https://doi.org/10.3989/scimar.2008.72n2337","multiple North African","not stated","marine","sea turtles","W1863567874","B_regional_corroborated",""
247,"Casale, P., Freggi, D., Gratton, P., Argano, R. & Oliverio, M.","Paolo Casale; Daniela Freggi; Paolo Gratton; Roberto Argano; Marco Oliverio",2008,"Mitochondrial DNA reveals regional and interregional importance of the central Mediterranean African shelf for loggerhead sea turtles (Caretta caretta)","Scientia Marina","https://doi.org/10.3989/scimar.2008.72n3541","https://doi.org/10.3989/scimar.2008.72n3541","multiple North African","not stated",,"sea turtle","W13500458","B_regional_corroborated",""
248,"Warner, J.","Jeroen Warner",2008,"The politics of flood insecurity : framing contested river management projects",,"https://doi.org/10.18174/16352","https://doi.org/10.18174/16352","multiple North African","property damage",,"not stated","W1540840170","C_asserted_no_evidence",""
249,"Jribi, I., Bradaï, M. N. & Bouain, A.","Imed Jribi; Mohamed Nejmeddine Bradaï; Abderrhmen Bouain",2007,"07. Impact of trawl fishery on marine turtles in the Gulf of Gabès, Tunisia","Herpetological Journal",,"https://openalex.org/W2502035066","multiple North African","bycatch","marine","loggerhead","W2502035066","B_regional_corroborated",""
250,"Andersen, G. L. & Krzywinski, K.","Gidske L. Andersen; Knut Krzywinski",2007,"Mortality, Recruitment and Change of Desert Tree Populations in a Hyper-Arid Environment","PLoS ONE","https://doi.org/10.1371/journal.pone.0000208","https://doi.org/10.1371/journal.pone.0000208","Egypt","other","terrestrial","Acacia tortilis","W2017504858","A_named_country_corroborated",""
251,"Streftaris, N. & Zenetos, A.","N. Streftaris; Argyro Zenetos",2006,"Alien Marine Species in the Mediterranean - the 100 ‘Worst Invasives’ and their Impact","Mediterranean Marine Science","https://doi.org/10.12681/mms.180","https://doi.org/10.12681/mms.180","multiple North African","not stated","not stated","not stated","W1993434971","C_asserted_no_evidence",""
252,"Venizelos, L. & Kasparek, M.","Lily Venizelos; Max Kasparek",2006,"EXTENDED ABSTRACT Trionyx triunguis: The brackish water turtle that also lives in the Mediterranean Sea",,,"https://openalex.org/W2556430982","multiple North African","bycatch","both","Nile soft-shelled turtle","W2556430982","B_regional_corroborated",""
253,"Tudela, S. & Investigaciones, C. S. d.","Sergi Tudela; Consejo Superior de Investigaciones",2004,"ECOSYSTEM EFFECTS OF FISHING IN THE MEDITERREAN: AN ANALYSIS OF THE MAJOR THREATS OF FISHING GEAR AND PRACTICES TO BIODIVERSITY AND MARINE HABITATS",,,"https://openalex.org/W2154998326","multiple North African","bycatch","marine","sharks, turtles, whales and seals","W2154998326","B_regional_corroborated",""
254,"[Authors not resolved in OpenAlex]",,2004,"Guidelines for technical measures to minimise cetacean-fishery conflicts in the Mediterranean and Black Seas",,"https://doi.org/10.70978/czwc4257","https://doi.org/10.70978/czwc4257","multiple North African","bycatch","marine","harbour porpoises","W4406692881","C_asserted_no_evidence",""
255,"Long, K. J. & Schroeder, B. A.","Kristy J. Long; Barbara A. Schroeder",2004,"National Oceanic and Atmospheric Administration Report 26","University of North Texas Digital Library (University of North Texas)",,"https://openalex.org/W7139743578","multiple North African","bycatch","marine","sea turtle","W7139743578","C_asserted_no_evidence",""
256,"Cooper, J. et al.","John Cooper; Nicola Baccetti; Eduardo J. Belda; John J. Borg; Daniel Oró; Costas Papaconstantinou; Antonio Sánchez",2003,"Seabird mortality from longline fishing in the Mediterranean Sea and Macaronesian waters: a review and a way forward","Scientia Marina","https://doi.org/10.3989/scimar.2003.67s257","https://doi.org/10.3989/scimar.2003.67s257","multiple North African","bycatch","marine","Cory´s shearwater","W1543624443","B_regional_corroborated",""
257,"Alia, Z. et al.","Zeïd Alia; Djilani Ghemam Amara; Ahmed Elkhalifa Chemsa; Amar Eddoud; Karim Souttou; Makhlouf Sekour",2000,"10.51847/g9duHRt","Time to knit","https://doi.org/10.51847/g9duhrt","https://doi.org/10.51847/g9duhrt","multiple North African","crop damage","terrestrial","roof Rat","W4411617346","B_regional_corroborated",""
258,"Aguilar, Á.","Álex Aguilar",2000,"Population biology, conservation threats and status of Mediterranean striped dolphins (Stenella coeruleoalba)","The journal of cetacean research and management. Special issue","https://doi.org/10.47536/jcrm.v2i1.485","https://doi.org/10.47536/jcrm.v2i1.485","multiple North African","bycatch","marine","striped dolphin","W4391197122","B_regional_corroborated",""
259,"Laurent, L. et al.","Luc Laurent; Paolo Casale; Mohamed Nejmeddine Bradaï; Brendan J. Godley; Annette C. Broderick; Werner Schroth; Bernd Schierwater; Avigdor Levy; D. Freggi; E. M. ABD EL‐MAWLA; D. A. HADOUD; H. E. GOMATI; Mariano Domingo; M. HADJICHRISTOPHOROU; L. KORNARAKY; F. DEMIRAYAK; CH. GAUTIER",1998,"Molecular resolution of marine turtle stock composition in fishery bycatch: a case study in the Mediterranean","Molecular Ecology","https://doi.org/10.1046/j.1365-294x.1998.00471.x","https://doi.org/10.1046/j.1365-294x.1998.00471.x","multiple North African","bycatch","marine","loggerhead sea turtle","W2134477843","B_regional_corroborated",""
260,"Godley, B. J.","Brendan J. Godley",1998,"Studies on the Ecology and Conservation of Marine Turtles: With Particular Reference to the Mediterranean","Enlighten: Theses (The University of Glasgow)",,"https://openalex.org/W3131003730","multiple North African","not stated",,"loggerhead turtle, green turtle, leatherback turtle","W3131003730","C_asserted_no_evidence",""
261,"Berrada, K.","Karim Berrada",1996,"Fishing co-operation between the Kingdom of Morocco and the European Union : towards integrated and sustainable fisheries management","Maritime Commons The Digital Repository of World Maritime University (World Maritime University)",,"https://openalex.org/W3042821301","Morocco","competition for resources","marine","fish","W3042821301","A_named_country_corroborated",""
262,"Brosset, A.","André Brosset",1990,"L’évolution récente de l’avifaune du Nord-Est marocain : pertes et gains depuis 35 ans","Revue d Écologie (La Terre et La Vie)","https://doi.org/10.3406/revec.1990.1999","https://doi.org/10.3406/revec.1990.1999","Morocco","persecution or retaliatory killing","both",,"W2286354200","A_named_country_corroborated",""
